"period_ID","zone","period_start_date","moon_phase","sampling_flag_plankton","sampling_flag_eDNA","sampling_flag_eDNA2","sampling_flag_sediment","sampling_flag_sediment2","sampling","n_replicas","sampling_type"
1,"Z1",2025-01-06,"Waxing",TRUE,FALSE,FALSE,FALSE,FALSE,"Plankton",3,"Plankton"
2,"Z1",2025-01-11,"Full",FALSE,FALSE,FALSE,FALSE,FALSE,"No sampling",0,"Plankton"
3,"Z1",2025-01-18,"Waning",TRUE,FALSE,FALSE,FALSE,FALSE,"Plankton",3,"Plankton"
4,"Z1",2025-01-25,"New",FALSE,FALSE,FALSE,FALSE,FALSE,"No sampling",0,"Plankton"
5,"Z1",2025-02-02,"Waxing",TRUE,TRUE,FALSE,FALSE,FALSE,"Plankton",3,"Plankton"
6,"Z1",2025-02-09,"Full",FALSE,FALSE,FALSE,FALSE,FALSE,"No sampling",0,"Plankton"
7,"Z1",2025-02-17,"Waning",TRUE,FALSE,FALSE,FALSE,FALSE,"Plankton",3,"Plankton"
8,"Z1",2025-02-24,"New",FALSE,FALSE,FALSE,FALSE,FALSE,"No sampling",0,"Plankton"
9,"Z1",2025-03-03,"Waxing",TRUE,FALSE,FALSE,FALSE,FALSE,"Plankton",3,"Plankton"
10,"Z1",2025-03-11,"Full",FALSE,FALSE,FALSE,FALSE,FALSE,"No sampling",0,"Plankton"
11,"Z1",2025-03-18,"Waning",TRUE,FALSE,FALSE,FALSE,FALSE,"Plankton",3,"Plankton"
12,"Z1",2025-03-25,"New",FALSE,FALSE,FALSE,FALSE,FALSE,"No sampling",0,"Plankton"
13,"Z1",2025-04-02,"Waxing",TRUE,FALSE,FALSE,FALSE,FALSE,"Plankton",3,"Plankton"
14,"Z1",2025-04-09,"Full",FALSE,FALSE,FALSE,FALSE,FALSE,"No sampling",0,"Plankton"
15,"Z1",2025-04-17,"Waning",TRUE,FALSE,FALSE,FALSE,FALSE,"Plankton",3,"Plankton"
16,"Z1",2025-04-24,"New",FALSE,FALSE,FALSE,FALSE,FALSE,"No sampling",0,"Plankton"
17,"Z1",2025-05-01,"Waxing",TRUE,TRUE,FALSE,TRUE,FALSE,"Plankton",3,"Plankton"
18,"Z1",2025-05-09,"Full",FALSE,FALSE,TRUE,FALSE,TRUE,"No sampling",0,"Plankton"
19,"Z1",2025-05-16,"Waning",TRUE,FALSE,FALSE,FALSE,FALSE,"Plankton",3,"Plankton"
20,"Z1",2025-05-24,"New",FALSE,FALSE,FALSE,FALSE,FALSE,"No sampling",0,"Plankton"
21,"Z1",2025-05-31,"Waxing",TRUE,FALSE,FALSE,FALSE,FALSE,"Plankton",3,"Plankton"
22,"Z1",2025-06-07,"Full",FALSE,FALSE,FALSE,FALSE,FALSE,"No sampling",0,"Plankton"
23,"Z1",2025-06-15,"Waning",TRUE,FALSE,FALSE,FALSE,FALSE,"Plankton",3,"Plankton"
24,"Z1",2025-06-22,"New",FALSE,FALSE,FALSE,FALSE,FALSE,"No sampling",0,"Plankton"
25,"Z1",2025-06-29,"Waxing",TRUE,FALSE,FALSE,FALSE,FALSE,"Plankton",3,"Plankton"
26,"Z1",2025-07-07,"Full",FALSE,FALSE,FALSE,FALSE,FALSE,"No sampling",0,"Plankton"
27,"Z1",2025-07-14,"Waning",TRUE,FALSE,FALSE,FALSE,FALSE,"Plankton",3,"Plankton"
28,"Z1",2025-07-22,"New",FALSE,FALSE,FALSE,FALSE,FALSE,"No sampling",0,"Plankton"
29,"Z1",2025-07-29,"Waxing",TRUE,TRUE,FALSE,FALSE,FALSE,"Plankton",3,"Plankton"
30,"Z1",2025-08-05,"Full",FALSE,FALSE,FALSE,FALSE,FALSE,"No sampling",0,"Plankton"
31,"Z1",2025-08-13,"Waning",TRUE,FALSE,FALSE,FALSE,FALSE,"Plankton",3,"Plankton"
32,"Z1",2025-08-20,"New",FALSE,FALSE,FALSE,FALSE,FALSE,"No sampling",0,"Plankton"
33,"Z1",2025-08-27,"Waxing",TRUE,FALSE,FALSE,FALSE,FALSE,"Plankton",3,"Plankton"
34,"Z1",2025-09-04,"Full",FALSE,FALSE,FALSE,FALSE,FALSE,"No sampling",0,"Plankton"
35,"Z1",2025-09-11,"Waning",TRUE,FALSE,FALSE,FALSE,FALSE,"Plankton",3,"Plankton"
36,"Z1",2025-09-19,"New",FALSE,FALSE,FALSE,FALSE,FALSE,"No sampling",0,"Plankton"
37,"Z1",2025-09-26,"Waxing",TRUE,FALSE,FALSE,FALSE,FALSE,"Plankton",3,"Plankton"
38,"Z1",2025-10-03,"Full",FALSE,FALSE,FALSE,FALSE,FALSE,"No sampling",0,"Plankton"
39,"Z1",2025-10-11,"Waning",TRUE,FALSE,FALSE,FALSE,FALSE,"Plankton",3,"Plankton"
40,"Z1",2025-10-18,"New",FALSE,FALSE,FALSE,FALSE,FALSE,"No sampling",0,"Plankton"
41,"Z1",2025-10-26,"Waxing",TRUE,TRUE,FALSE,TRUE,FALSE,"Plankton",3,"Plankton"
42,"Z1",2025-11-02,"Full",FALSE,FALSE,FALSE,FALSE,FALSE,"No sampling",0,"Plankton"
43,"Z1",2025-11-09,"Waning",TRUE,FALSE,FALSE,FALSE,FALSE,"Plankton",3,"Plankton"
44,"Z1",2025-11-17,"New",FALSE,FALSE,FALSE,FALSE,FALSE,"No sampling",0,"Plankton"
45,"Z1",2025-11-24,"Waxing",TRUE,FALSE,FALSE,FALSE,FALSE,"Plankton",3,"Plankton"
46,"Z1",2025-12-01,"Full",FALSE,FALSE,FALSE,FALSE,FALSE,"No sampling",0,"Plankton"
47,"Z1",2025-12-09,"Waning",TRUE,FALSE,FALSE,FALSE,FALSE,"Plankton",3,"Plankton"
48,"Z1",2025-12-16,"New",FALSE,FALSE,FALSE,FALSE,FALSE,"No sampling",0,"Plankton"
49,"Z1",2025-12-24,"Waxing",TRUE,FALSE,FALSE,FALSE,FALSE,"Plankton",3,"Plankton"
50,"Z1",2025-12-31,"Full",FALSE,FALSE,FALSE,FALSE,FALSE,"No sampling",0,"Plankton"
1,"Z2",2025-01-06,"Waxing",TRUE,FALSE,FALSE,FALSE,FALSE,"Plankton",3,"Plankton"
2,"Z2",2025-01-11,"Full",FALSE,FALSE,FALSE,FALSE,FALSE,"No sampling",0,"Plankton"
3,"Z2",2025-01-18,"Waning",TRUE,FALSE,FALSE,FALSE,FALSE,"Plankton",3,"Plankton"
4,"Z2",2025-01-25,"New",FALSE,FALSE,FALSE,FALSE,FALSE,"No sampling",0,"Plankton"
5,"Z2",2025-02-02,"Waxing",TRUE,TRUE,FALSE,FALSE,FALSE,"Plankton",3,"Plankton"
6,"Z2",2025-02-09,"Full",FALSE,FALSE,FALSE,FALSE,FALSE,"No sampling",0,"Plankton"
7,"Z2",2025-02-17,"Waning",TRUE,FALSE,FALSE,FALSE,FALSE,"Plankton",3,"Plankton"
8,"Z2",2025-02-24,"New",FALSE,FALSE,FALSE,FALSE,FALSE,"No sampling",0,"Plankton"
9,"Z2",2025-03-03,"Waxing",TRUE,FALSE,FALSE,FALSE,FALSE,"Plankton",3,"Plankton"
10,"Z2",2025-03-11,"Full",FALSE,FALSE,FALSE,FALSE,FALSE,"No sampling",0,"Plankton"
11,"Z2",2025-03-18,"Waning",TRUE,FALSE,FALSE,FALSE,FALSE,"Plankton",3,"Plankton"
12,"Z2",2025-03-25,"New",FALSE,FALSE,FALSE,FALSE,FALSE,"No sampling",0,"Plankton"
13,"Z2",2025-04-02,"Waxing",TRUE,FALSE,FALSE,FALSE,FALSE,"Plankton",3,"Plankton"
14,"Z2",2025-04-09,"Full",FALSE,FALSE,FALSE,FALSE,FALSE,"No sampling",0,"Plankton"
15,"Z2",2025-04-17,"Waning",TRUE,FALSE,FALSE,FALSE,FALSE,"Plankton",3,"Plankton"
16,"Z2",2025-04-24,"New",FALSE,FALSE,FALSE,FALSE,FALSE,"No sampling",0,"Plankton"
17,"Z2",2025-05-01,"Waxing",TRUE,TRUE,FALSE,TRUE,FALSE,"Plankton",3,"Plankton"
18,"Z2",2025-05-09,"Full",FALSE,FALSE,TRUE,FALSE,TRUE,"No sampling",0,"Plankton"
19,"Z2",2025-05-16,"Waning",TRUE,FALSE,FALSE,FALSE,FALSE,"Plankton",3,"Plankton"
20,"Z2",2025-05-24,"New",FALSE,FALSE,FALSE,FALSE,FALSE,"No sampling",0,"Plankton"
21,"Z2",2025-05-31,"Waxing",TRUE,FALSE,FALSE,FALSE,FALSE,"Plankton",3,"Plankton"
22,"Z2",2025-06-07,"Full",FALSE,FALSE,FALSE,FALSE,FALSE,"No sampling",0,"Plankton"
23,"Z2",2025-06-15,"Waning",TRUE,FALSE,FALSE,FALSE,FALSE,"Plankton",3,"Plankton"
24,"Z2",2025-06-22,"New",FALSE,FALSE,FALSE,FALSE,FALSE,"No sampling",0,"Plankton"
25,"Z2",2025-06-29,"Waxing",TRUE,FALSE,FALSE,FALSE,FALSE,"Plankton",3,"Plankton"
26,"Z2",2025-07-07,"Full",FALSE,FALSE,FALSE,FALSE,FALSE,"No sampling",0,"Plankton"
27,"Z2",2025-07-14,"Waning",TRUE,FALSE,FALSE,FALSE,FALSE,"Plankton",3,"Plankton"
28,"Z2",2025-07-22,"New",FALSE,FALSE,FALSE,FALSE,FALSE,"No sampling",0,"Plankton"
29,"Z2",2025-07-29,"Waxing",TRUE,TRUE,FALSE,FALSE,FALSE,"Plankton",3,"Plankton"
30,"Z2",2025-08-05,"Full",FALSE,FALSE,FALSE,FALSE,FALSE,"No sampling",0,"Plankton"
31,"Z2",2025-08-13,"Waning",TRUE,FALSE,FALSE,FALSE,FALSE,"Plankton",3,"Plankton"
32,"Z2",2025-08-20,"New",FALSE,FALSE,FALSE,FALSE,FALSE,"No sampling",0,"Plankton"
33,"Z2",2025-08-27,"Waxing",TRUE,FALSE,FALSE,FALSE,FALSE,"Plankton",3,"Plankton"
34,"Z2",2025-09-04,"Full",FALSE,FALSE,FALSE,FALSE,FALSE,"No sampling",0,"Plankton"
35,"Z2",2025-09-11,"Waning",TRUE,FALSE,FALSE,FALSE,FALSE,"Plankton",3,"Plankton"
36,"Z2",2025-09-19,"New",FALSE,FALSE,FALSE,FALSE,FALSE,"No sampling",0,"Plankton"
37,"Z2",2025-09-26,"Waxing",TRUE,FALSE,FALSE,FALSE,FALSE,"Plankton",3,"Plankton"
38,"Z2",2025-10-03,"Full",FALSE,FALSE,FALSE,FALSE,FALSE,"No sampling",0,"Plankton"
39,"Z2",2025-10-11,"Waning",TRUE,FALSE,FALSE,FALSE,FALSE,"Plankton",3,"Plankton"
40,"Z2",2025-10-18,"New",FALSE,FALSE,FALSE,FALSE,FALSE,"No sampling",0,"Plankton"
41,"Z2",2025-10-26,"Waxing",TRUE,TRUE,FALSE,TRUE,FALSE,"Plankton",3,"Plankton"
42,"Z2",2025-11-02,"Full",FALSE,FALSE,FALSE,FALSE,FALSE,"No sampling",0,"Plankton"
43,"Z2",2025-11-09,"Waning",TRUE,FALSE,FALSE,FALSE,FALSE,"Plankton",3,"Plankton"
44,"Z2",2025-11-17,"New",FALSE,FALSE,FALSE,FALSE,FALSE,"No sampling",0,"Plankton"
45,"Z2",2025-11-24,"Waxing",TRUE,FALSE,FALSE,FALSE,FALSE,"Plankton",3,"Plankton"
46,"Z2",2025-12-01,"Full",FALSE,FALSE,FALSE,FALSE,FALSE,"No sampling",0,"Plankton"
47,"Z2",2025-12-09,"Waning",TRUE,FALSE,FALSE,FALSE,FALSE,"Plankton",3,"Plankton"
48,"Z2",2025-12-16,"New",FALSE,FALSE,FALSE,FALSE,FALSE,"No sampling",0,"Plankton"
49,"Z2",2025-12-24,"Waxing",TRUE,FALSE,FALSE,FALSE,FALSE,"Plankton",3,"Plankton"
50,"Z2",2025-12-31,"Full",FALSE,FALSE,FALSE,FALSE,FALSE,"No sampling",0,"Plankton"
1,"Z3",2025-01-06,"Waxing",TRUE,FALSE,FALSE,FALSE,FALSE,"Plankton",3,"Plankton"
2,"Z3",2025-01-11,"Full",FALSE,FALSE,FALSE,FALSE,FALSE,"No sampling",0,"Plankton"
3,"Z3",2025-01-18,"Waning",TRUE,FALSE,FALSE,FALSE,FALSE,"Plankton",3,"Plankton"
4,"Z3",2025-01-25,"New",FALSE,FALSE,FALSE,FALSE,FALSE,"No sampling",0,"Plankton"
5,"Z3",2025-02-02,"Waxing",TRUE,TRUE,FALSE,FALSE,FALSE,"Plankton",3,"Plankton"
6,"Z3",2025-02-09,"Full",FALSE,FALSE,FALSE,FALSE,FALSE,"No sampling",0,"Plankton"
7,"Z3",2025-02-17,"Waning",TRUE,FALSE,FALSE,FALSE,FALSE,"Plankton",3,"Plankton"
8,"Z3",2025-02-24,"New",FALSE,FALSE,FALSE,FALSE,FALSE,"No sampling",0,"Plankton"
9,"Z3",2025-03-03,"Waxing",TRUE,FALSE,FALSE,FALSE,FALSE,"Plankton",3,"Plankton"
10,"Z3",2025-03-11,"Full",FALSE,FALSE,FALSE,FALSE,FALSE,"No sampling",0,"Plankton"
11,"Z3",2025-03-18,"Waning",TRUE,FALSE,FALSE,FALSE,FALSE,"Plankton",3,"Plankton"
12,"Z3",2025-03-25,"New",FALSE,FALSE,FALSE,FALSE,FALSE,"No sampling",0,"Plankton"
13,"Z3",2025-04-02,"Waxing",TRUE,FALSE,FALSE,FALSE,FALSE,"Plankton",3,"Plankton"
14,"Z3",2025-04-09,"Full",FALSE,FALSE,FALSE,FALSE,FALSE,"No sampling",0,"Plankton"
15,"Z3",2025-04-17,"Waning",TRUE,FALSE,FALSE,FALSE,FALSE,"Plankton",3,"Plankton"
16,"Z3",2025-04-24,"New",FALSE,FALSE,FALSE,FALSE,FALSE,"No sampling",0,"Plankton"
17,"Z3",2025-05-01,"Waxing",TRUE,TRUE,FALSE,TRUE,FALSE,"Plankton",3,"Plankton"
18,"Z3",2025-05-09,"Full",FALSE,FALSE,TRUE,FALSE,TRUE,"No sampling",0,"Plankton"
19,"Z3",2025-05-16,"Waning",TRUE,FALSE,FALSE,FALSE,FALSE,"Plankton",3,"Plankton"
20,"Z3",2025-05-24,"New",FALSE,FALSE,FALSE,FALSE,FALSE,"No sampling",0,"Plankton"
21,"Z3",2025-05-31,"Waxing",TRUE,FALSE,FALSE,FALSE,FALSE,"Plankton",3,"Plankton"
22,"Z3",2025-06-07,"Full",FALSE,FALSE,FALSE,FALSE,FALSE,"No sampling",0,"Plankton"
23,"Z3",2025-06-15,"Waning",TRUE,FALSE,FALSE,FALSE,FALSE,"Plankton",3,"Plankton"
24,"Z3",2025-06-22,"New",FALSE,FALSE,FALSE,FALSE,FALSE,"No sampling",0,"Plankton"
25,"Z3",2025-06-29,"Waxing",TRUE,FALSE,FALSE,FALSE,FALSE,"Plankton",3,"Plankton"
26,"Z3",2025-07-07,"Full",FALSE,FALSE,FALSE,FALSE,FALSE,"No sampling",0,"Plankton"
27,"Z3",2025-07-14,"Waning",TRUE,FALSE,FALSE,FALSE,FALSE,"Plankton",3,"Plankton"
28,"Z3",2025-07-22,"New",FALSE,FALSE,FALSE,FALSE,FALSE,"No sampling",0,"Plankton"
29,"Z3",2025-07-29,"Waxing",TRUE,TRUE,FALSE,FALSE,FALSE,"Plankton",3,"Plankton"
30,"Z3",2025-08-05,"Full",FALSE,FALSE,FALSE,FALSE,FALSE,"No sampling",0,"Plankton"
31,"Z3",2025-08-13,"Waning",TRUE,FALSE,FALSE,FALSE,FALSE,"Plankton",3,"Plankton"
32,"Z3",2025-08-20,"New",FALSE,FALSE,FALSE,FALSE,FALSE,"No sampling",0,"Plankton"
33,"Z3",2025-08-27,"Waxing",TRUE,FALSE,FALSE,FALSE,FALSE,"Plankton",3,"Plankton"
34,"Z3",2025-09-04,"Full",FALSE,FALSE,FALSE,FALSE,FALSE,"No sampling",0,"Plankton"
35,"Z3",2025-09-11,"Waning",TRUE,FALSE,FALSE,FALSE,FALSE,"Plankton",3,"Plankton"
36,"Z3",2025-09-19,"New",FALSE,FALSE,FALSE,FALSE,FALSE,"No sampling",0,"Plankton"
37,"Z3",2025-09-26,"Waxing",TRUE,FALSE,FALSE,FALSE,FALSE,"Plankton",3,"Plankton"
38,"Z3",2025-10-03,"Full",FALSE,FALSE,FALSE,FALSE,FALSE,"No sampling",0,"Plankton"
39,"Z3",2025-10-11,"Waning",TRUE,FALSE,FALSE,FALSE,FALSE,"Plankton",3,"Plankton"
40,"Z3",2025-10-18,"New",FALSE,FALSE,FALSE,FALSE,FALSE,"No sampling",0,"Plankton"
41,"Z3",2025-10-26,"Waxing",TRUE,TRUE,FALSE,TRUE,FALSE,"Plankton",3,"Plankton"
42,"Z3",2025-11-02,"Full",FALSE,FALSE,FALSE,FALSE,FALSE,"No sampling",0,"Plankton"
43,"Z3",2025-11-09,"Waning",TRUE,FALSE,FALSE,FALSE,FALSE,"Plankton",3,"Plankton"
44,"Z3",2025-11-17,"New",FALSE,FALSE,FALSE,FALSE,FALSE,"No sampling",0,"Plankton"
45,"Z3",2025-11-24,"Waxing",TRUE,FALSE,FALSE,FALSE,FALSE,"Plankton",3,"Plankton"
46,"Z3",2025-12-01,"Full",FALSE,FALSE,FALSE,FALSE,FALSE,"No sampling",0,"Plankton"
47,"Z3",2025-12-09,"Waning",TRUE,FALSE,FALSE,FALSE,FALSE,"Plankton",3,"Plankton"
48,"Z3",2025-12-16,"New",FALSE,FALSE,FALSE,FALSE,FALSE,"No sampling",0,"Plankton"
49,"Z3",2025-12-24,"Waxing",TRUE,FALSE,FALSE,FALSE,FALSE,"Plankton",3,"Plankton"
50,"Z3",2025-12-31,"Full",FALSE,FALSE,FALSE,FALSE,FALSE,"No sampling",0,"Plankton"
1,"Z4.1",2025-01-06,"Waxing",TRUE,FALSE,FALSE,FALSE,FALSE,"Plankton",3,"Plankton"
2,"Z4.1",2025-01-11,"Full",FALSE,FALSE,FALSE,FALSE,FALSE,"No sampling",0,"Plankton"
3,"Z4.1",2025-01-18,"Waning",TRUE,FALSE,FALSE,FALSE,FALSE,"Plankton",3,"Plankton"
4,"Z4.1",2025-01-25,"New",FALSE,FALSE,FALSE,FALSE,FALSE,"No sampling",0,"Plankton"
5,"Z4.1",2025-02-02,"Waxing",TRUE,TRUE,FALSE,FALSE,FALSE,"Plankton",3,"Plankton"
6,"Z4.1",2025-02-09,"Full",FALSE,FALSE,FALSE,FALSE,FALSE,"No sampling",0,"Plankton"
7,"Z4.1",2025-02-17,"Waning",TRUE,FALSE,FALSE,FALSE,FALSE,"Plankton",3,"Plankton"
8,"Z4.1",2025-02-24,"New",FALSE,FALSE,FALSE,FALSE,FALSE,"No sampling",0,"Plankton"
9,"Z4.1",2025-03-03,"Waxing",TRUE,FALSE,FALSE,FALSE,FALSE,"Plankton",3,"Plankton"
10,"Z4.1",2025-03-11,"Full",FALSE,FALSE,FALSE,FALSE,FALSE,"No sampling",0,"Plankton"
11,"Z4.1",2025-03-18,"Waning",TRUE,FALSE,FALSE,FALSE,FALSE,"Plankton",3,"Plankton"
12,"Z4.1",2025-03-25,"New",FALSE,FALSE,FALSE,FALSE,FALSE,"No sampling",0,"Plankton"
13,"Z4.1",2025-04-02,"Waxing",TRUE,FALSE,FALSE,FALSE,FALSE,"Plankton",3,"Plankton"
14,"Z4.1",2025-04-09,"Full",FALSE,FALSE,FALSE,FALSE,FALSE,"No sampling",0,"Plankton"
15,"Z4.1",2025-04-17,"Waning",TRUE,FALSE,FALSE,FALSE,FALSE,"Plankton",3,"Plankton"
16,"Z4.1",2025-04-24,"New",FALSE,FALSE,FALSE,FALSE,FALSE,"No sampling",0,"Plankton"
17,"Z4.1",2025-05-01,"Waxing",TRUE,TRUE,FALSE,TRUE,FALSE,"Plankton",3,"Plankton"
18,"Z4.1",2025-05-09,"Full",FALSE,FALSE,TRUE,FALSE,TRUE,"No sampling",0,"Plankton"
19,"Z4.1",2025-05-16,"Waning",TRUE,FALSE,FALSE,FALSE,FALSE,"Plankton",3,"Plankton"
20,"Z4.1",2025-05-24,"New",FALSE,FALSE,FALSE,FALSE,FALSE,"No sampling",0,"Plankton"
21,"Z4.1",2025-05-31,"Waxing",TRUE,FALSE,FALSE,FALSE,FALSE,"Plankton",3,"Plankton"
22,"Z4.1",2025-06-07,"Full",FALSE,FALSE,FALSE,FALSE,FALSE,"No sampling",0,"Plankton"
23,"Z4.1",2025-06-15,"Waning",TRUE,FALSE,FALSE,FALSE,FALSE,"Plankton",3,"Plankton"
24,"Z4.1",2025-06-22,"New",FALSE,FALSE,FALSE,FALSE,FALSE,"No sampling",0,"Plankton"
25,"Z4.1",2025-06-29,"Waxing",TRUE,FALSE,FALSE,FALSE,FALSE,"Plankton",3,"Plankton"
26,"Z4.1",2025-07-07,"Full",FALSE,FALSE,FALSE,FALSE,FALSE,"No sampling",0,"Plankton"
27,"Z4.1",2025-07-14,"Waning",TRUE,FALSE,FALSE,FALSE,FALSE,"Plankton",3,"Plankton"
28,"Z4.1",2025-07-22,"New",FALSE,FALSE,FALSE,FALSE,FALSE,"No sampling",0,"Plankton"
29,"Z4.1",2025-07-29,"Waxing",TRUE,TRUE,FALSE,FALSE,FALSE,"Plankton",3,"Plankton"
30,"Z4.1",2025-08-05,"Full",FALSE,FALSE,FALSE,FALSE,FALSE,"No sampling",0,"Plankton"
31,"Z4.1",2025-08-13,"Waning",TRUE,FALSE,FALSE,FALSE,FALSE,"Plankton",3,"Plankton"
32,"Z4.1",2025-08-20,"New",FALSE,FALSE,FALSE,FALSE,FALSE,"No sampling",0,"Plankton"
33,"Z4.1",2025-08-27,"Waxing",TRUE,FALSE,FALSE,FALSE,FALSE,"Plankton",3,"Plankton"
34,"Z4.1",2025-09-04,"Full",FALSE,FALSE,FALSE,FALSE,FALSE,"No sampling",0,"Plankton"
35,"Z4.1",2025-09-11,"Waning",TRUE,FALSE,FALSE,FALSE,FALSE,"Plankton",3,"Plankton"
36,"Z4.1",2025-09-19,"New",FALSE,FALSE,FALSE,FALSE,FALSE,"No sampling",0,"Plankton"
37,"Z4.1",2025-09-26,"Waxing",TRUE,FALSE,FALSE,FALSE,FALSE,"Plankton",3,"Plankton"
38,"Z4.1",2025-10-03,"Full",FALSE,FALSE,FALSE,FALSE,FALSE,"No sampling",0,"Plankton"
39,"Z4.1",2025-10-11,"Waning",TRUE,FALSE,FALSE,FALSE,FALSE,"Plankton",3,"Plankton"
40,"Z4.1",2025-10-18,"New",FALSE,FALSE,FALSE,FALSE,FALSE,"No sampling",0,"Plankton"
41,"Z4.1",2025-10-26,"Waxing",TRUE,TRUE,FALSE,TRUE,FALSE,"Plankton",3,"Plankton"
42,"Z4.1",2025-11-02,"Full",FALSE,FALSE,FALSE,FALSE,FALSE,"No sampling",0,"Plankton"
43,"Z4.1",2025-11-09,"Waning",TRUE,FALSE,FALSE,FALSE,FALSE,"Plankton",3,"Plankton"
44,"Z4.1",2025-11-17,"New",FALSE,FALSE,FALSE,FALSE,FALSE,"No sampling",0,"Plankton"
45,"Z4.1",2025-11-24,"Waxing",TRUE,FALSE,FALSE,FALSE,FALSE,"Plankton",3,"Plankton"
46,"Z4.1",2025-12-01,"Full",FALSE,FALSE,FALSE,FALSE,FALSE,"No sampling",0,"Plankton"
47,"Z4.1",2025-12-09,"Waning",TRUE,FALSE,FALSE,FALSE,FALSE,"Plankton",3,"Plankton"
48,"Z4.1",2025-12-16,"New",FALSE,FALSE,FALSE,FALSE,FALSE,"No sampling",0,"Plankton"
49,"Z4.1",2025-12-24,"Waxing",TRUE,FALSE,FALSE,FALSE,FALSE,"Plankton",3,"Plankton"
50,"Z4.1",2025-12-31,"Full",FALSE,FALSE,FALSE,FALSE,FALSE,"No sampling",0,"Plankton"
1,"Z1",2025-01-06,"Waxing",TRUE,FALSE,FALSE,FALSE,FALSE,"No sampling",0,"eDNA"
2,"Z1",2025-01-11,"Full",FALSE,FALSE,FALSE,FALSE,FALSE,"No sampling",0,"eDNA"
3,"Z1",2025-01-18,"Waning",TRUE,FALSE,FALSE,FALSE,FALSE,"No sampling",0,"eDNA"
4,"Z1",2025-01-25,"New",FALSE,FALSE,FALSE,FALSE,FALSE,"No sampling",0,"eDNA"
5,"Z1",2025-02-02,"Waxing",TRUE,TRUE,FALSE,FALSE,FALSE,"eDNA",3,"eDNA"
6,"Z1",2025-02-09,"Full",FALSE,FALSE,FALSE,FALSE,FALSE,"No sampling",0,"eDNA"
7,"Z1",2025-02-17,"Waning",TRUE,FALSE,FALSE,FALSE,FALSE,"No sampling",0,"eDNA"
8,"Z1",2025-02-24,"New",FALSE,FALSE,FALSE,FALSE,FALSE,"No sampling",0,"eDNA"
9,"Z1",2025-03-03,"Waxing",TRUE,FALSE,FALSE,FALSE,FALSE,"No sampling",0,"eDNA"
10,"Z1",2025-03-11,"Full",FALSE,FALSE,FALSE,FALSE,FALSE,"No sampling",0,"eDNA"
11,"Z1",2025-03-18,"Waning",TRUE,FALSE,FALSE,FALSE,FALSE,"No sampling",0,"eDNA"
12,"Z1",2025-03-25,"New",FALSE,FALSE,FALSE,FALSE,FALSE,"No sampling",0,"eDNA"
13,"Z1",2025-04-02,"Waxing",TRUE,FALSE,FALSE,FALSE,FALSE,"No sampling",0,"eDNA"
14,"Z1",2025-04-09,"Full",FALSE,FALSE,FALSE,FALSE,FALSE,"No sampling",0,"eDNA"
15,"Z1",2025-04-17,"Waning",TRUE,FALSE,FALSE,FALSE,FALSE,"No sampling",0,"eDNA"
16,"Z1",2025-04-24,"New",FALSE,FALSE,FALSE,FALSE,FALSE,"No sampling",0,"eDNA"
17,"Z1",2025-05-01,"Waxing",TRUE,TRUE,FALSE,TRUE,FALSE,"eDNA",3,"eDNA"
18,"Z1",2025-05-09,"Full",FALSE,FALSE,TRUE,FALSE,TRUE,"No sampling",0,"eDNA"
19,"Z1",2025-05-16,"Waning",TRUE,FALSE,FALSE,FALSE,FALSE,"No sampling",0,"eDNA"
20,"Z1",2025-05-24,"New",FALSE,FALSE,FALSE,FALSE,FALSE,"No sampling",0,"eDNA"
21,"Z1",2025-05-31,"Waxing",TRUE,FALSE,FALSE,FALSE,FALSE,"No sampling",0,"eDNA"
22,"Z1",2025-06-07,"Full",FALSE,FALSE,FALSE,FALSE,FALSE,"No sampling",0,"eDNA"
23,"Z1",2025-06-15,"Waning",TRUE,FALSE,FALSE,FALSE,FALSE,"No sampling",0,"eDNA"
24,"Z1",2025-06-22,"New",FALSE,FALSE,FALSE,FALSE,FALSE,"No sampling",0,"eDNA"
25,"Z1",2025-06-29,"Waxing",TRUE,FALSE,FALSE,FALSE,FALSE,"No sampling",0,"eDNA"
26,"Z1",2025-07-07,"Full",FALSE,FALSE,FALSE,FALSE,FALSE,"No sampling",0,"eDNA"
27,"Z1",2025-07-14,"Waning",TRUE,FALSE,FALSE,FALSE,FALSE,"No sampling",0,"eDNA"
28,"Z1",2025-07-22,"New",FALSE,FALSE,FALSE,FALSE,FALSE,"No sampling",0,"eDNA"
29,"Z1",2025-07-29,"Waxing",TRUE,TRUE,FALSE,FALSE,FALSE,"eDNA",3,"eDNA"
30,"Z1",2025-08-05,"Full",FALSE,FALSE,FALSE,FALSE,FALSE,"No sampling",0,"eDNA"
31,"Z1",2025-08-13,"Waning",TRUE,FALSE,FALSE,FALSE,FALSE,"No sampling",0,"eDNA"
32,"Z1",2025-08-20,"New",FALSE,FALSE,FALSE,FALSE,FALSE,"No sampling",0,"eDNA"
33,"Z1",2025-08-27,"Waxing",TRUE,FALSE,FALSE,FALSE,FALSE,"No sampling",0,"eDNA"
34,"Z1",2025-09-04,"Full",FALSE,FALSE,FALSE,FALSE,FALSE,"No sampling",0,"eDNA"
35,"Z1",2025-09-11,"Waning",TRUE,FALSE,FALSE,FALSE,FALSE,"No sampling",0,"eDNA"
36,"Z1",2025-09-19,"New",FALSE,FALSE,FALSE,FALSE,FALSE,"No sampling",0,"eDNA"
37,"Z1",2025-09-26,"Waxing",TRUE,FALSE,FALSE,FALSE,FALSE,"No sampling",0,"eDNA"
38,"Z1",2025-10-03,"Full",FALSE,FALSE,FALSE,FALSE,FALSE,"No sampling",0,"eDNA"
39,"Z1",2025-10-11,"Waning",TRUE,FALSE,FALSE,FALSE,FALSE,"No sampling",0,"eDNA"
40,"Z1",2025-10-18,"New",FALSE,FALSE,FALSE,FALSE,FALSE,"No sampling",0,"eDNA"
41,"Z1",2025-10-26,"Waxing",TRUE,TRUE,FALSE,TRUE,FALSE,"eDNA",3,"eDNA"
42,"Z1",2025-11-02,"Full",FALSE,FALSE,FALSE,FALSE,FALSE,"No sampling",0,"eDNA"
43,"Z1",2025-11-09,"Waning",TRUE,FALSE,FALSE,FALSE,FALSE,"No sampling",0,"eDNA"
44,"Z1",2025-11-17,"New",FALSE,FALSE,FALSE,FALSE,FALSE,"No sampling",0,"eDNA"
45,"Z1",2025-11-24,"Waxing",TRUE,FALSE,FALSE,FALSE,FALSE,"No sampling",0,"eDNA"
46,"Z1",2025-12-01,"Full",FALSE,FALSE,FALSE,FALSE,FALSE,"No sampling",0,"eDNA"
47,"Z1",2025-12-09,"Waning",TRUE,FALSE,FALSE,FALSE,FALSE,"No sampling",0,"eDNA"
48,"Z1",2025-12-16,"New",FALSE,FALSE,FALSE,FALSE,FALSE,"No sampling",0,"eDNA"
49,"Z1",2025-12-24,"Waxing",TRUE,FALSE,FALSE,FALSE,FALSE,"No sampling",0,"eDNA"
50,"Z1",2025-12-31,"Full",FALSE,FALSE,FALSE,FALSE,FALSE,"No sampling",0,"eDNA"
1,"Z2",2025-01-06,"Waxing",TRUE,FALSE,FALSE,FALSE,FALSE,"No sampling",0,"eDNA"
2,"Z2",2025-01-11,"Full",FALSE,FALSE,FALSE,FALSE,FALSE,"No sampling",0,"eDNA"
3,"Z2",2025-01-18,"Waning",TRUE,FALSE,FALSE,FALSE,FALSE,"No sampling",0,"eDNA"
4,"Z2",2025-01-25,"New",FALSE,FALSE,FALSE,FALSE,FALSE,"No sampling",0,"eDNA"
5,"Z2",2025-02-02,"Waxing",TRUE,TRUE,FALSE,FALSE,FALSE,"eDNA",3,"eDNA"
6,"Z2",2025-02-09,"Full",FALSE,FALSE,FALSE,FALSE,FALSE,"No sampling",0,"eDNA"
7,"Z2",2025-02-17,"Waning",TRUE,FALSE,FALSE,FALSE,FALSE,"No sampling",0,"eDNA"
8,"Z2",2025-02-24,"New",FALSE,FALSE,FALSE,FALSE,FALSE,"No sampling",0,"eDNA"
9,"Z2",2025-03-03,"Waxing",TRUE,FALSE,FALSE,FALSE,FALSE,"No sampling",0,"eDNA"
10,"Z2",2025-03-11,"Full",FALSE,FALSE,FALSE,FALSE,FALSE,"No sampling",0,"eDNA"
11,"Z2",2025-03-18,"Waning",TRUE,FALSE,FALSE,FALSE,FALSE,"No sampling",0,"eDNA"
12,"Z2",2025-03-25,"New",FALSE,FALSE,FALSE,FALSE,FALSE,"No sampling",0,"eDNA"
13,"Z2",2025-04-02,"Waxing",TRUE,FALSE,FALSE,FALSE,FALSE,"No sampling",0,"eDNA"
14,"Z2",2025-04-09,"Full",FALSE,FALSE,FALSE,FALSE,FALSE,"No sampling",0,"eDNA"
15,"Z2",2025-04-17,"Waning",TRUE,FALSE,FALSE,FALSE,FALSE,"No sampling",0,"eDNA"
16,"Z2",2025-04-24,"New",FALSE,FALSE,FALSE,FALSE,FALSE,"No sampling",0,"eDNA"
17,"Z2",2025-05-01,"Waxing",TRUE,TRUE,FALSE,TRUE,FALSE,"eDNA",3,"eDNA"
18,"Z2",2025-05-09,"Full",FALSE,FALSE,TRUE,FALSE,TRUE,"No sampling",0,"eDNA"
19,"Z2",2025-05-16,"Waning",TRUE,FALSE,FALSE,FALSE,FALSE,"No sampling",0,"eDNA"
20,"Z2",2025-05-24,"New",FALSE,FALSE,FALSE,FALSE,FALSE,"No sampling",0,"eDNA"
21,"Z2",2025-05-31,"Waxing",TRUE,FALSE,FALSE,FALSE,FALSE,"No sampling",0,"eDNA"
22,"Z2",2025-06-07,"Full",FALSE,FALSE,FALSE,FALSE,FALSE,"No sampling",0,"eDNA"
23,"Z2",2025-06-15,"Waning",TRUE,FALSE,FALSE,FALSE,FALSE,"No sampling",0,"eDNA"
24,"Z2",2025-06-22,"New",FALSE,FALSE,FALSE,FALSE,FALSE,"No sampling",0,"eDNA"
25,"Z2",2025-06-29,"Waxing",TRUE,FALSE,FALSE,FALSE,FALSE,"No sampling",0,"eDNA"
26,"Z2",2025-07-07,"Full",FALSE,FALSE,FALSE,FALSE,FALSE,"No sampling",0,"eDNA"
27,"Z2",2025-07-14,"Waning",TRUE,FALSE,FALSE,FALSE,FALSE,"No sampling",0,"eDNA"
28,"Z2",2025-07-22,"New",FALSE,FALSE,FALSE,FALSE,FALSE,"No sampling",0,"eDNA"
29,"Z2",2025-07-29,"Waxing",TRUE,TRUE,FALSE,FALSE,FALSE,"eDNA",3,"eDNA"
30,"Z2",2025-08-05,"Full",FALSE,FALSE,FALSE,FALSE,FALSE,"No sampling",0,"eDNA"
31,"Z2",2025-08-13,"Waning",TRUE,FALSE,FALSE,FALSE,FALSE,"No sampling",0,"eDNA"
32,"Z2",2025-08-20,"New",FALSE,FALSE,FALSE,FALSE,FALSE,"No sampling",0,"eDNA"
33,"Z2",2025-08-27,"Waxing",TRUE,FALSE,FALSE,FALSE,FALSE,"No sampling",0,"eDNA"
34,"Z2",2025-09-04,"Full",FALSE,FALSE,FALSE,FALSE,FALSE,"No sampling",0,"eDNA"
35,"Z2",2025-09-11,"Waning",TRUE,FALSE,FALSE,FALSE,FALSE,"No sampling",0,"eDNA"
36,"Z2",2025-09-19,"New",FALSE,FALSE,FALSE,FALSE,FALSE,"No sampling",0,"eDNA"
37,"Z2",2025-09-26,"Waxing",TRUE,FALSE,FALSE,FALSE,FALSE,"No sampling",0,"eDNA"
38,"Z2",2025-10-03,"Full",FALSE,FALSE,FALSE,FALSE,FALSE,"No sampling",0,"eDNA"
39,"Z2",2025-10-11,"Waning",TRUE,FALSE,FALSE,FALSE,FALSE,"No sampling",0,"eDNA"
40,"Z2",2025-10-18,"New",FALSE,FALSE,FALSE,FALSE,FALSE,"No sampling",0,"eDNA"
41,"Z2",2025-10-26,"Waxing",TRUE,TRUE,FALSE,TRUE,FALSE,"eDNA",3,"eDNA"
42,"Z2",2025-11-02,"Full",FALSE,FALSE,FALSE,FALSE,FALSE,"No sampling",0,"eDNA"
43,"Z2",2025-11-09,"Waning",TRUE,FALSE,FALSE,FALSE,FALSE,"No sampling",0,"eDNA"
44,"Z2",2025-11-17,"New",FALSE,FALSE,FALSE,FALSE,FALSE,"No sampling",0,"eDNA"
45,"Z2",2025-11-24,"Waxing",TRUE,FALSE,FALSE,FALSE,FALSE,"No sampling",0,"eDNA"
46,"Z2",2025-12-01,"Full",FALSE,FALSE,FALSE,FALSE,FALSE,"No sampling",0,"eDNA"
47,"Z2",2025-12-09,"Waning",TRUE,FALSE,FALSE,FALSE,FALSE,"No sampling",0,"eDNA"
48,"Z2",2025-12-16,"New",FALSE,FALSE,FALSE,FALSE,FALSE,"No sampling",0,"eDNA"
49,"Z2",2025-12-24,"Waxing",TRUE,FALSE,FALSE,FALSE,FALSE,"No sampling",0,"eDNA"
50,"Z2",2025-12-31,"Full",FALSE,FALSE,FALSE,FALSE,FALSE,"No sampling",0,"eDNA"
1,"Z3",2025-01-06,"Waxing",TRUE,FALSE,FALSE,FALSE,FALSE,"No sampling",0,"eDNA"
2,"Z3",2025-01-11,"Full",FALSE,FALSE,FALSE,FALSE,FALSE,"No sampling",0,"eDNA"
3,"Z3",2025-01-18,"Waning",TRUE,FALSE,FALSE,FALSE,FALSE,"No sampling",0,"eDNA"
4,"Z3",2025-01-25,"New",FALSE,FALSE,FALSE,FALSE,FALSE,"No sampling",0,"eDNA"
5,"Z3",2025-02-02,"Waxing",TRUE,TRUE,FALSE,FALSE,FALSE,"eDNA",3,"eDNA"
6,"Z3",2025-02-09,"Full",FALSE,FALSE,FALSE,FALSE,FALSE,"No sampling",0,"eDNA"
7,"Z3",2025-02-17,"Waning",TRUE,FALSE,FALSE,FALSE,FALSE,"No sampling",0,"eDNA"
8,"Z3",2025-02-24,"New",FALSE,FALSE,FALSE,FALSE,FALSE,"No sampling",0,"eDNA"
9,"Z3",2025-03-03,"Waxing",TRUE,FALSE,FALSE,FALSE,FALSE,"No sampling",0,"eDNA"
10,"Z3",2025-03-11,"Full",FALSE,FALSE,FALSE,FALSE,FALSE,"No sampling",0,"eDNA"
11,"Z3",2025-03-18,"Waning",TRUE,FALSE,FALSE,FALSE,FALSE,"No sampling",0,"eDNA"
12,"Z3",2025-03-25,"New",FALSE,FALSE,FALSE,FALSE,FALSE,"No sampling",0,"eDNA"
13,"Z3",2025-04-02,"Waxing",TRUE,FALSE,FALSE,FALSE,FALSE,"No sampling",0,"eDNA"
14,"Z3",2025-04-09,"Full",FALSE,FALSE,FALSE,FALSE,FALSE,"No sampling",0,"eDNA"
15,"Z3",2025-04-17,"Waning",TRUE,FALSE,FALSE,FALSE,FALSE,"No sampling",0,"eDNA"
16,"Z3",2025-04-24,"New",FALSE,FALSE,FALSE,FALSE,FALSE,"No sampling",0,"eDNA"
17,"Z3",2025-05-01,"Waxing",TRUE,TRUE,FALSE,TRUE,FALSE,"eDNA",3,"eDNA"
18,"Z3",2025-05-09,"Full",FALSE,FALSE,TRUE,FALSE,TRUE,"No sampling",0,"eDNA"
19,"Z3",2025-05-16,"Waning",TRUE,FALSE,FALSE,FALSE,FALSE,"No sampling",0,"eDNA"
20,"Z3",2025-05-24,"New",FALSE,FALSE,FALSE,FALSE,FALSE,"No sampling",0,"eDNA"
21,"Z3",2025-05-31,"Waxing",TRUE,FALSE,FALSE,FALSE,FALSE,"No sampling",0,"eDNA"
22,"Z3",2025-06-07,"Full",FALSE,FALSE,FALSE,FALSE,FALSE,"No sampling",0,"eDNA"
23,"Z3",2025-06-15,"Waning",TRUE,FALSE,FALSE,FALSE,FALSE,"No sampling",0,"eDNA"
24,"Z3",2025-06-22,"New",FALSE,FALSE,FALSE,FALSE,FALSE,"No sampling",0,"eDNA"
25,"Z3",2025-06-29,"Waxing",TRUE,FALSE,FALSE,FALSE,FALSE,"No sampling",0,"eDNA"
26,"Z3",2025-07-07,"Full",FALSE,FALSE,FALSE,FALSE,FALSE,"No sampling",0,"eDNA"
27,"Z3",2025-07-14,"Waning",TRUE,FALSE,FALSE,FALSE,FALSE,"No sampling",0,"eDNA"
28,"Z3",2025-07-22,"New",FALSE,FALSE,FALSE,FALSE,FALSE,"No sampling",0,"eDNA"
29,"Z3",2025-07-29,"Waxing",TRUE,TRUE,FALSE,FALSE,FALSE,"eDNA",3,"eDNA"
30,"Z3",2025-08-05,"Full",FALSE,FALSE,FALSE,FALSE,FALSE,"No sampling",0,"eDNA"
31,"Z3",2025-08-13,"Waning",TRUE,FALSE,FALSE,FALSE,FALSE,"No sampling",0,"eDNA"
32,"Z3",2025-08-20,"New",FALSE,FALSE,FALSE,FALSE,FALSE,"No sampling",0,"eDNA"
33,"Z3",2025-08-27,"Waxing",TRUE,FALSE,FALSE,FALSE,FALSE,"No sampling",0,"eDNA"
34,"Z3",2025-09-04,"Full",FALSE,FALSE,FALSE,FALSE,FALSE,"No sampling",0,"eDNA"
35,"Z3",2025-09-11,"Waning",TRUE,FALSE,FALSE,FALSE,FALSE,"No sampling",0,"eDNA"
36,"Z3",2025-09-19,"New",FALSE,FALSE,FALSE,FALSE,FALSE,"No sampling",0,"eDNA"
37,"Z3",2025-09-26,"Waxing",TRUE,FALSE,FALSE,FALSE,FALSE,"No sampling",0,"eDNA"
38,"Z3",2025-10-03,"Full",FALSE,FALSE,FALSE,FALSE,FALSE,"No sampling",0,"eDNA"
39,"Z3",2025-10-11,"Waning",TRUE,FALSE,FALSE,FALSE,FALSE,"No sampling",0,"eDNA"
40,"Z3",2025-10-18,"New",FALSE,FALSE,FALSE,FALSE,FALSE,"No sampling",0,"eDNA"
41,"Z3",2025-10-26,"Waxing",TRUE,TRUE,FALSE,TRUE,FALSE,"eDNA",3,"eDNA"
42,"Z3",2025-11-02,"Full",FALSE,FALSE,FALSE,FALSE,FALSE,"No sampling",0,"eDNA"
43,"Z3",2025-11-09,"Waning",TRUE,FALSE,FALSE,FALSE,FALSE,"No sampling",0,"eDNA"
44,"Z3",2025-11-17,"New",FALSE,FALSE,FALSE,FALSE,FALSE,"No sampling",0,"eDNA"
45,"Z3",2025-11-24,"Waxing",TRUE,FALSE,FALSE,FALSE,FALSE,"No sampling",0,"eDNA"
46,"Z3",2025-12-01,"Full",FALSE,FALSE,FALSE,FALSE,FALSE,"No sampling",0,"eDNA"
47,"Z3",2025-12-09,"Waning",TRUE,FALSE,FALSE,FALSE,FALSE,"No sampling",0,"eDNA"
48,"Z3",2025-12-16,"New",FALSE,FALSE,FALSE,FALSE,FALSE,"No sampling",0,"eDNA"
49,"Z3",2025-12-24,"Waxing",TRUE,FALSE,FALSE,FALSE,FALSE,"No sampling",0,"eDNA"
50,"Z3",2025-12-31,"Full",FALSE,FALSE,FALSE,FALSE,FALSE,"No sampling",0,"eDNA"
1,"Z4.1",2025-01-06,"Waxing",TRUE,FALSE,FALSE,FALSE,FALSE,"No sampling",0,"eDNA"
2,"Z4.1",2025-01-11,"Full",FALSE,FALSE,FALSE,FALSE,FALSE,"No sampling",0,"eDNA"
3,"Z4.1",2025-01-18,"Waning",TRUE,FALSE,FALSE,FALSE,FALSE,"No sampling",0,"eDNA"
4,"Z4.1",2025-01-25,"New",FALSE,FALSE,FALSE,FALSE,FALSE,"No sampling",0,"eDNA"
5,"Z4.1",2025-02-02,"Waxing",TRUE,TRUE,FALSE,FALSE,FALSE,"eDNA",3,"eDNA"
6,"Z4.1",2025-02-09,"Full",FALSE,FALSE,FALSE,FALSE,FALSE,"No sampling",0,"eDNA"
7,"Z4.1",2025-02-17,"Waning",TRUE,FALSE,FALSE,FALSE,FALSE,"No sampling",0,"eDNA"
8,"Z4.1",2025-02-24,"New",FALSE,FALSE,FALSE,FALSE,FALSE,"No sampling",0,"eDNA"
9,"Z4.1",2025-03-03,"Waxing",TRUE,FALSE,FALSE,FALSE,FALSE,"No sampling",0,"eDNA"
10,"Z4.1",2025-03-11,"Full",FALSE,FALSE,FALSE,FALSE,FALSE,"No sampling",0,"eDNA"
11,"Z4.1",2025-03-18,"Waning",TRUE,FALSE,FALSE,FALSE,FALSE,"No sampling",0,"eDNA"
12,"Z4.1",2025-03-25,"New",FALSE,FALSE,FALSE,FALSE,FALSE,"No sampling",0,"eDNA"
13,"Z4.1",2025-04-02,"Waxing",TRUE,FALSE,FALSE,FALSE,FALSE,"No sampling",0,"eDNA"
14,"Z4.1",2025-04-09,"Full",FALSE,FALSE,FALSE,FALSE,FALSE,"No sampling",0,"eDNA"
15,"Z4.1",2025-04-17,"Waning",TRUE,FALSE,FALSE,FALSE,FALSE,"No sampling",0,"eDNA"
16,"Z4.1",2025-04-24,"New",FALSE,FALSE,FALSE,FALSE,FALSE,"No sampling",0,"eDNA"
17,"Z4.1",2025-05-01,"Waxing",TRUE,TRUE,FALSE,TRUE,FALSE,"eDNA",3,"eDNA"
18,"Z4.1",2025-05-09,"Full",FALSE,FALSE,TRUE,FALSE,TRUE,"No sampling",0,"eDNA"
19,"Z4.1",2025-05-16,"Waning",TRUE,FALSE,FALSE,FALSE,FALSE,"No sampling",0,"eDNA"
20,"Z4.1",2025-05-24,"New",FALSE,FALSE,FALSE,FALSE,FALSE,"No sampling",0,"eDNA"
21,"Z4.1",2025-05-31,"Waxing",TRUE,FALSE,FALSE,FALSE,FALSE,"No sampling",0,"eDNA"
22,"Z4.1",2025-06-07,"Full",FALSE,FALSE,FALSE,FALSE,FALSE,"No sampling",0,"eDNA"
23,"Z4.1",2025-06-15,"Waning",TRUE,FALSE,FALSE,FALSE,FALSE,"No sampling",0,"eDNA"
24,"Z4.1",2025-06-22,"New",FALSE,FALSE,FALSE,FALSE,FALSE,"No sampling",0,"eDNA"
25,"Z4.1",2025-06-29,"Waxing",TRUE,FALSE,FALSE,FALSE,FALSE,"No sampling",0,"eDNA"
26,"Z4.1",2025-07-07,"Full",FALSE,FALSE,FALSE,FALSE,FALSE,"No sampling",0,"eDNA"
27,"Z4.1",2025-07-14,"Waning",TRUE,FALSE,FALSE,FALSE,FALSE,"No sampling",0,"eDNA"
28,"Z4.1",2025-07-22,"New",FALSE,FALSE,FALSE,FALSE,FALSE,"No sampling",0,"eDNA"
29,"Z4.1",2025-07-29,"Waxing",TRUE,TRUE,FALSE,FALSE,FALSE,"eDNA",3,"eDNA"
30,"Z4.1",2025-08-05,"Full",FALSE,FALSE,FALSE,FALSE,FALSE,"No sampling",0,"eDNA"
31,"Z4.1",2025-08-13,"Waning",TRUE,FALSE,FALSE,FALSE,FALSE,"No sampling",0,"eDNA"
32,"Z4.1",2025-08-20,"New",FALSE,FALSE,FALSE,FALSE,FALSE,"No sampling",0,"eDNA"
33,"Z4.1",2025-08-27,"Waxing",TRUE,FALSE,FALSE,FALSE,FALSE,"No sampling",0,"eDNA"
34,"Z4.1",2025-09-04,"Full",FALSE,FALSE,FALSE,FALSE,FALSE,"No sampling",0,"eDNA"
35,"Z4.1",2025-09-11,"Waning",TRUE,FALSE,FALSE,FALSE,FALSE,"No sampling",0,"eDNA"
36,"Z4.1",2025-09-19,"New",FALSE,FALSE,FALSE,FALSE,FALSE,"No sampling",0,"eDNA"
37,"Z4.1",2025-09-26,"Waxing",TRUE,FALSE,FALSE,FALSE,FALSE,"No sampling",0,"eDNA"
38,"Z4.1",2025-10-03,"Full",FALSE,FALSE,FALSE,FALSE,FALSE,"No sampling",0,"eDNA"
39,"Z4.1",2025-10-11,"Waning",TRUE,FALSE,FALSE,FALSE,FALSE,"No sampling",0,"eDNA"
40,"Z4.1",2025-10-18,"New",FALSE,FALSE,FALSE,FALSE,FALSE,"No sampling",0,"eDNA"
41,"Z4.1",2025-10-26,"Waxing",TRUE,TRUE,FALSE,TRUE,FALSE,"eDNA",3,"eDNA"
42,"Z4.1",2025-11-02,"Full",FALSE,FALSE,FALSE,FALSE,FALSE,"No sampling",0,"eDNA"
43,"Z4.1",2025-11-09,"Waning",TRUE,FALSE,FALSE,FALSE,FALSE,"No sampling",0,"eDNA"
44,"Z4.1",2025-11-17,"New",FALSE,FALSE,FALSE,FALSE,FALSE,"No sampling",0,"eDNA"
45,"Z4.1",2025-11-24,"Waxing",TRUE,FALSE,FALSE,FALSE,FALSE,"No sampling",0,"eDNA"
46,"Z4.1",2025-12-01,"Full",FALSE,FALSE,FALSE,FALSE,FALSE,"No sampling",0,"eDNA"
47,"Z4.1",2025-12-09,"Waning",TRUE,FALSE,FALSE,FALSE,FALSE,"No sampling",0,"eDNA"
48,"Z4.1",2025-12-16,"New",FALSE,FALSE,FALSE,FALSE,FALSE,"No sampling",0,"eDNA"
49,"Z4.1",2025-12-24,"Waxing",TRUE,FALSE,FALSE,FALSE,FALSE,"No sampling",0,"eDNA"
50,"Z4.1",2025-12-31,"Full",FALSE,FALSE,FALSE,FALSE,FALSE,"No sampling",0,"eDNA"
1,"Z4.2",2025-01-06,"Waxing",TRUE,FALSE,FALSE,FALSE,FALSE,"No sampling",0,"eDNA"
2,"Z4.2",2025-01-11,"Full",FALSE,FALSE,FALSE,FALSE,FALSE,"No sampling",0,"eDNA"
3,"Z4.2",2025-01-18,"Waning",TRUE,FALSE,FALSE,FALSE,FALSE,"No sampling",0,"eDNA"
4,"Z4.2",2025-01-25,"New",FALSE,FALSE,FALSE,FALSE,FALSE,"No sampling",0,"eDNA"
5,"Z4.2",2025-02-02,"Waxing",TRUE,TRUE,FALSE,FALSE,FALSE,"eDNA",3,"eDNA"
6,"Z4.2",2025-02-09,"Full",FALSE,FALSE,FALSE,FALSE,FALSE,"No sampling",0,"eDNA"
7,"Z4.2",2025-02-17,"Waning",TRUE,FALSE,FALSE,FALSE,FALSE,"No sampling",0,"eDNA"
8,"Z4.2",2025-02-24,"New",FALSE,FALSE,FALSE,FALSE,FALSE,"No sampling",0,"eDNA"
9,"Z4.2",2025-03-03,"Waxing",TRUE,FALSE,FALSE,FALSE,FALSE,"No sampling",0,"eDNA"
10,"Z4.2",2025-03-11,"Full",FALSE,FALSE,FALSE,FALSE,FALSE,"No sampling",0,"eDNA"
11,"Z4.2",2025-03-18,"Waning",TRUE,FALSE,FALSE,FALSE,FALSE,"No sampling",0,"eDNA"
12,"Z4.2",2025-03-25,"New",FALSE,FALSE,FALSE,FALSE,FALSE,"No sampling",0,"eDNA"
13,"Z4.2",2025-04-02,"Waxing",TRUE,FALSE,FALSE,FALSE,FALSE,"No sampling",0,"eDNA"
14,"Z4.2",2025-04-09,"Full",FALSE,FALSE,FALSE,FALSE,FALSE,"No sampling",0,"eDNA"
15,"Z4.2",2025-04-17,"Waning",TRUE,FALSE,FALSE,FALSE,FALSE,"No sampling",0,"eDNA"
16,"Z4.2",2025-04-24,"New",FALSE,FALSE,FALSE,FALSE,FALSE,"No sampling",0,"eDNA"
17,"Z4.2",2025-05-01,"Waxing",TRUE,TRUE,FALSE,TRUE,FALSE,"eDNA",3,"eDNA"
18,"Z4.2",2025-05-09,"Full",FALSE,FALSE,TRUE,FALSE,TRUE,"No sampling",0,"eDNA"
19,"Z4.2",2025-05-16,"Waning",TRUE,FALSE,FALSE,FALSE,FALSE,"No sampling",0,"eDNA"
20,"Z4.2",2025-05-24,"New",FALSE,FALSE,FALSE,FALSE,FALSE,"No sampling",0,"eDNA"
21,"Z4.2",2025-05-31,"Waxing",TRUE,FALSE,FALSE,FALSE,FALSE,"No sampling",0,"eDNA"
22,"Z4.2",2025-06-07,"Full",FALSE,FALSE,FALSE,FALSE,FALSE,"No sampling",0,"eDNA"
23,"Z4.2",2025-06-15,"Waning",TRUE,FALSE,FALSE,FALSE,FALSE,"No sampling",0,"eDNA"
24,"Z4.2",2025-06-22,"New",FALSE,FALSE,FALSE,FALSE,FALSE,"No sampling",0,"eDNA"
25,"Z4.2",2025-06-29,"Waxing",TRUE,FALSE,FALSE,FALSE,FALSE,"No sampling",0,"eDNA"
26,"Z4.2",2025-07-07,"Full",FALSE,FALSE,FALSE,FALSE,FALSE,"No sampling",0,"eDNA"
27,"Z4.2",2025-07-14,"Waning",TRUE,FALSE,FALSE,FALSE,FALSE,"No sampling",0,"eDNA"
28,"Z4.2",2025-07-22,"New",FALSE,FALSE,FALSE,FALSE,FALSE,"No sampling",0,"eDNA"
29,"Z4.2",2025-07-29,"Waxing",TRUE,TRUE,FALSE,FALSE,FALSE,"eDNA",3,"eDNA"
30,"Z4.2",2025-08-05,"Full",FALSE,FALSE,FALSE,FALSE,FALSE,"No sampling",0,"eDNA"
31,"Z4.2",2025-08-13,"Waning",TRUE,FALSE,FALSE,FALSE,FALSE,"No sampling",0,"eDNA"
32,"Z4.2",2025-08-20,"New",FALSE,FALSE,FALSE,FALSE,FALSE,"No sampling",0,"eDNA"
33,"Z4.2",2025-08-27,"Waxing",TRUE,FALSE,FALSE,FALSE,FALSE,"No sampling",0,"eDNA"
34,"Z4.2",2025-09-04,"Full",FALSE,FALSE,FALSE,FALSE,FALSE,"No sampling",0,"eDNA"
35,"Z4.2",2025-09-11,"Waning",TRUE,FALSE,FALSE,FALSE,FALSE,"No sampling",0,"eDNA"
36,"Z4.2",2025-09-19,"New",FALSE,FALSE,FALSE,FALSE,FALSE,"No sampling",0,"eDNA"
37,"Z4.2",2025-09-26,"Waxing",TRUE,FALSE,FALSE,FALSE,FALSE,"No sampling",0,"eDNA"
38,"Z4.2",2025-10-03,"Full",FALSE,FALSE,FALSE,FALSE,FALSE,"No sampling",0,"eDNA"
39,"Z4.2",2025-10-11,"Waning",TRUE,FALSE,FALSE,FALSE,FALSE,"No sampling",0,"eDNA"
40,"Z4.2",2025-10-18,"New",FALSE,FALSE,FALSE,FALSE,FALSE,"No sampling",0,"eDNA"
41,"Z4.2",2025-10-26,"Waxing",TRUE,TRUE,FALSE,TRUE,FALSE,"eDNA",3,"eDNA"
42,"Z4.2",2025-11-02,"Full",FALSE,FALSE,FALSE,FALSE,FALSE,"No sampling",0,"eDNA"
43,"Z4.2",2025-11-09,"Waning",TRUE,FALSE,FALSE,FALSE,FALSE,"No sampling",0,"eDNA"
44,"Z4.2",2025-11-17,"New",FALSE,FALSE,FALSE,FALSE,FALSE,"No sampling",0,"eDNA"
45,"Z4.2",2025-11-24,"Waxing",TRUE,FALSE,FALSE,FALSE,FALSE,"No sampling",0,"eDNA"
46,"Z4.2",2025-12-01,"Full",FALSE,FALSE,FALSE,FALSE,FALSE,"No sampling",0,"eDNA"
47,"Z4.2",2025-12-09,"Waning",TRUE,FALSE,FALSE,FALSE,FALSE,"No sampling",0,"eDNA"
48,"Z4.2",2025-12-16,"New",FALSE,FALSE,FALSE,FALSE,FALSE,"No sampling",0,"eDNA"
49,"Z4.2",2025-12-24,"Waxing",TRUE,FALSE,FALSE,FALSE,FALSE,"No sampling",0,"eDNA"
50,"Z4.2",2025-12-31,"Full",FALSE,FALSE,FALSE,FALSE,FALSE,"No sampling",0,"eDNA"
1,"Z4.3",2025-01-06,"Waxing",TRUE,FALSE,FALSE,FALSE,FALSE,"No sampling",0,"eDNA"
2,"Z4.3",2025-01-11,"Full",FALSE,FALSE,FALSE,FALSE,FALSE,"No sampling",0,"eDNA"
3,"Z4.3",2025-01-18,"Waning",TRUE,FALSE,FALSE,FALSE,FALSE,"No sampling",0,"eDNA"
4,"Z4.3",2025-01-25,"New",FALSE,FALSE,FALSE,FALSE,FALSE,"No sampling",0,"eDNA"
5,"Z4.3",2025-02-02,"Waxing",TRUE,TRUE,FALSE,FALSE,FALSE,"eDNA",3,"eDNA"
6,"Z4.3",2025-02-09,"Full",FALSE,FALSE,FALSE,FALSE,FALSE,"No sampling",0,"eDNA"
7,"Z4.3",2025-02-17,"Waning",TRUE,FALSE,FALSE,FALSE,FALSE,"No sampling",0,"eDNA"
8,"Z4.3",2025-02-24,"New",FALSE,FALSE,FALSE,FALSE,FALSE,"No sampling",0,"eDNA"
9,"Z4.3",2025-03-03,"Waxing",TRUE,FALSE,FALSE,FALSE,FALSE,"No sampling",0,"eDNA"
10,"Z4.3",2025-03-11,"Full",FALSE,FALSE,FALSE,FALSE,FALSE,"No sampling",0,"eDNA"
11,"Z4.3",2025-03-18,"Waning",TRUE,FALSE,FALSE,FALSE,FALSE,"No sampling",0,"eDNA"
12,"Z4.3",2025-03-25,"New",FALSE,FALSE,FALSE,FALSE,FALSE,"No sampling",0,"eDNA"
13,"Z4.3",2025-04-02,"Waxing",TRUE,FALSE,FALSE,FALSE,FALSE,"No sampling",0,"eDNA"
14,"Z4.3",2025-04-09,"Full",FALSE,FALSE,FALSE,FALSE,FALSE,"No sampling",0,"eDNA"
15,"Z4.3",2025-04-17,"Waning",TRUE,FALSE,FALSE,FALSE,FALSE,"No sampling",0,"eDNA"
16,"Z4.3",2025-04-24,"New",FALSE,FALSE,FALSE,FALSE,FALSE,"No sampling",0,"eDNA"
17,"Z4.3",2025-05-01,"Waxing",TRUE,TRUE,FALSE,TRUE,FALSE,"eDNA",3,"eDNA"
18,"Z4.3",2025-05-09,"Full",FALSE,FALSE,TRUE,FALSE,TRUE,"No sampling",0,"eDNA"
19,"Z4.3",2025-05-16,"Waning",TRUE,FALSE,FALSE,FALSE,FALSE,"No sampling",0,"eDNA"
20,"Z4.3",2025-05-24,"New",FALSE,FALSE,FALSE,FALSE,FALSE,"No sampling",0,"eDNA"
21,"Z4.3",2025-05-31,"Waxing",TRUE,FALSE,FALSE,FALSE,FALSE,"No sampling",0,"eDNA"
22,"Z4.3",2025-06-07,"Full",FALSE,FALSE,FALSE,FALSE,FALSE,"No sampling",0,"eDNA"
23,"Z4.3",2025-06-15,"Waning",TRUE,FALSE,FALSE,FALSE,FALSE,"No sampling",0,"eDNA"
24,"Z4.3",2025-06-22,"New",FALSE,FALSE,FALSE,FALSE,FALSE,"No sampling",0,"eDNA"
25,"Z4.3",2025-06-29,"Waxing",TRUE,FALSE,FALSE,FALSE,FALSE,"No sampling",0,"eDNA"
26,"Z4.3",2025-07-07,"Full",FALSE,FALSE,FALSE,FALSE,FALSE,"No sampling",0,"eDNA"
27,"Z4.3",2025-07-14,"Waning",TRUE,FALSE,FALSE,FALSE,FALSE,"No sampling",0,"eDNA"
28,"Z4.3",2025-07-22,"New",FALSE,FALSE,FALSE,FALSE,FALSE,"No sampling",0,"eDNA"
29,"Z4.3",2025-07-29,"Waxing",TRUE,TRUE,FALSE,FALSE,FALSE,"eDNA",3,"eDNA"
30,"Z4.3",2025-08-05,"Full",FALSE,FALSE,FALSE,FALSE,FALSE,"No sampling",0,"eDNA"
31,"Z4.3",2025-08-13,"Waning",TRUE,FALSE,FALSE,FALSE,FALSE,"No sampling",0,"eDNA"
32,"Z4.3",2025-08-20,"New",FALSE,FALSE,FALSE,FALSE,FALSE,"No sampling",0,"eDNA"
33,"Z4.3",2025-08-27,"Waxing",TRUE,FALSE,FALSE,FALSE,FALSE,"No sampling",0,"eDNA"
34,"Z4.3",2025-09-04,"Full",FALSE,FALSE,FALSE,FALSE,FALSE,"No sampling",0,"eDNA"
35,"Z4.3",2025-09-11,"Waning",TRUE,FALSE,FALSE,FALSE,FALSE,"No sampling",0,"eDNA"
36,"Z4.3",2025-09-19,"New",FALSE,FALSE,FALSE,FALSE,FALSE,"No sampling",0,"eDNA"
37,"Z4.3",2025-09-26,"Waxing",TRUE,FALSE,FALSE,FALSE,FALSE,"No sampling",0,"eDNA"
38,"Z4.3",2025-10-03,"Full",FALSE,FALSE,FALSE,FALSE,FALSE,"No sampling",0,"eDNA"
39,"Z4.3",2025-10-11,"Waning",TRUE,FALSE,FALSE,FALSE,FALSE,"No sampling",0,"eDNA"
40,"Z4.3",2025-10-18,"New",FALSE,FALSE,FALSE,FALSE,FALSE,"No sampling",0,"eDNA"
41,"Z4.3",2025-10-26,"Waxing",TRUE,TRUE,FALSE,TRUE,FALSE,"eDNA",3,"eDNA"
42,"Z4.3",2025-11-02,"Full",FALSE,FALSE,FALSE,FALSE,FALSE,"No sampling",0,"eDNA"
43,"Z4.3",2025-11-09,"Waning",TRUE,FALSE,FALSE,FALSE,FALSE,"No sampling",0,"eDNA"
44,"Z4.3",2025-11-17,"New",FALSE,FALSE,FALSE,FALSE,FALSE,"No sampling",0,"eDNA"
45,"Z4.3",2025-11-24,"Waxing",TRUE,FALSE,FALSE,FALSE,FALSE,"No sampling",0,"eDNA"
46,"Z4.3",2025-12-01,"Full",FALSE,FALSE,FALSE,FALSE,FALSE,"No sampling",0,"eDNA"
47,"Z4.3",2025-12-09,"Waning",TRUE,FALSE,FALSE,FALSE,FALSE,"No sampling",0,"eDNA"
48,"Z4.3",2025-12-16,"New",FALSE,FALSE,FALSE,FALSE,FALSE,"No sampling",0,"eDNA"
49,"Z4.3",2025-12-24,"Waxing",TRUE,FALSE,FALSE,FALSE,FALSE,"No sampling",0,"eDNA"
50,"Z4.3",2025-12-31,"Full",FALSE,FALSE,FALSE,FALSE,FALSE,"No sampling",0,"eDNA"
1,"Z5",2025-01-06,"Waxing",TRUE,FALSE,FALSE,FALSE,FALSE,"No sampling",0,"eDNA"
2,"Z5",2025-01-11,"Full",FALSE,FALSE,FALSE,FALSE,FALSE,"No sampling",0,"eDNA"
3,"Z5",2025-01-18,"Waning",TRUE,FALSE,FALSE,FALSE,FALSE,"No sampling",0,"eDNA"
4,"Z5",2025-01-25,"New",FALSE,FALSE,FALSE,FALSE,FALSE,"No sampling",0,"eDNA"
5,"Z5",2025-02-02,"Waxing",TRUE,TRUE,FALSE,FALSE,FALSE,"eDNA",3,"eDNA"
6,"Z5",2025-02-09,"Full",FALSE,FALSE,FALSE,FALSE,FALSE,"No sampling",0,"eDNA"
7,"Z5",2025-02-17,"Waning",TRUE,FALSE,FALSE,FALSE,FALSE,"No sampling",0,"eDNA"
8,"Z5",2025-02-24,"New",FALSE,FALSE,FALSE,FALSE,FALSE,"No sampling",0,"eDNA"
9,"Z5",2025-03-03,"Waxing",TRUE,FALSE,FALSE,FALSE,FALSE,"No sampling",0,"eDNA"
10,"Z5",2025-03-11,"Full",FALSE,FALSE,FALSE,FALSE,FALSE,"No sampling",0,"eDNA"
11,"Z5",2025-03-18,"Waning",TRUE,FALSE,FALSE,FALSE,FALSE,"No sampling",0,"eDNA"
12,"Z5",2025-03-25,"New",FALSE,FALSE,FALSE,FALSE,FALSE,"No sampling",0,"eDNA"
13,"Z5",2025-04-02,"Waxing",TRUE,FALSE,FALSE,FALSE,FALSE,"No sampling",0,"eDNA"
14,"Z5",2025-04-09,"Full",FALSE,FALSE,FALSE,FALSE,FALSE,"No sampling",0,"eDNA"
15,"Z5",2025-04-17,"Waning",TRUE,FALSE,FALSE,FALSE,FALSE,"No sampling",0,"eDNA"
16,"Z5",2025-04-24,"New",FALSE,FALSE,FALSE,FALSE,FALSE,"No sampling",0,"eDNA"
17,"Z5",2025-05-01,"Waxing",TRUE,TRUE,FALSE,TRUE,FALSE,"eDNA",3,"eDNA"
18,"Z5",2025-05-09,"Full",FALSE,FALSE,TRUE,FALSE,TRUE,"No sampling",0,"eDNA"
19,"Z5",2025-05-16,"Waning",TRUE,FALSE,FALSE,FALSE,FALSE,"No sampling",0,"eDNA"
20,"Z5",2025-05-24,"New",FALSE,FALSE,FALSE,FALSE,FALSE,"No sampling",0,"eDNA"
21,"Z5",2025-05-31,"Waxing",TRUE,FALSE,FALSE,FALSE,FALSE,"No sampling",0,"eDNA"
22,"Z5",2025-06-07,"Full",FALSE,FALSE,FALSE,FALSE,FALSE,"No sampling",0,"eDNA"
23,"Z5",2025-06-15,"Waning",TRUE,FALSE,FALSE,FALSE,FALSE,"No sampling",0,"eDNA"
24,"Z5",2025-06-22,"New",FALSE,FALSE,FALSE,FALSE,FALSE,"No sampling",0,"eDNA"
25,"Z5",2025-06-29,"Waxing",TRUE,FALSE,FALSE,FALSE,FALSE,"No sampling",0,"eDNA"
26,"Z5",2025-07-07,"Full",FALSE,FALSE,FALSE,FALSE,FALSE,"No sampling",0,"eDNA"
27,"Z5",2025-07-14,"Waning",TRUE,FALSE,FALSE,FALSE,FALSE,"No sampling",0,"eDNA"
28,"Z5",2025-07-22,"New",FALSE,FALSE,FALSE,FALSE,FALSE,"No sampling",0,"eDNA"
29,"Z5",2025-07-29,"Waxing",TRUE,TRUE,FALSE,FALSE,FALSE,"eDNA",3,"eDNA"
30,"Z5",2025-08-05,"Full",FALSE,FALSE,FALSE,FALSE,FALSE,"No sampling",0,"eDNA"
31,"Z5",2025-08-13,"Waning",TRUE,FALSE,FALSE,FALSE,FALSE,"No sampling",0,"eDNA"
32,"Z5",2025-08-20,"New",FALSE,FALSE,FALSE,FALSE,FALSE,"No sampling",0,"eDNA"
33,"Z5",2025-08-27,"Waxing",TRUE,FALSE,FALSE,FALSE,FALSE,"No sampling",0,"eDNA"
34,"Z5",2025-09-04,"Full",FALSE,FALSE,FALSE,FALSE,FALSE,"No sampling",0,"eDNA"
35,"Z5",2025-09-11,"Waning",TRUE,FALSE,FALSE,FALSE,FALSE,"No sampling",0,"eDNA"
36,"Z5",2025-09-19,"New",FALSE,FALSE,FALSE,FALSE,FALSE,"No sampling",0,"eDNA"
37,"Z5",2025-09-26,"Waxing",TRUE,FALSE,FALSE,FALSE,FALSE,"No sampling",0,"eDNA"
38,"Z5",2025-10-03,"Full",FALSE,FALSE,FALSE,FALSE,FALSE,"No sampling",0,"eDNA"
39,"Z5",2025-10-11,"Waning",TRUE,FALSE,FALSE,FALSE,FALSE,"No sampling",0,"eDNA"
40,"Z5",2025-10-18,"New",FALSE,FALSE,FALSE,FALSE,FALSE,"No sampling",0,"eDNA"
41,"Z5",2025-10-26,"Waxing",TRUE,TRUE,FALSE,TRUE,FALSE,"eDNA",3,"eDNA"
42,"Z5",2025-11-02,"Full",FALSE,FALSE,FALSE,FALSE,FALSE,"No sampling",0,"eDNA"
43,"Z5",2025-11-09,"Waning",TRUE,FALSE,FALSE,FALSE,FALSE,"No sampling",0,"eDNA"
44,"Z5",2025-11-17,"New",FALSE,FALSE,FALSE,FALSE,FALSE,"No sampling",0,"eDNA"
45,"Z5",2025-11-24,"Waxing",TRUE,FALSE,FALSE,FALSE,FALSE,"No sampling",0,"eDNA"
46,"Z5",2025-12-01,"Full",FALSE,FALSE,FALSE,FALSE,FALSE,"No sampling",0,"eDNA"
47,"Z5",2025-12-09,"Waning",TRUE,FALSE,FALSE,FALSE,FALSE,"No sampling",0,"eDNA"
48,"Z5",2025-12-16,"New",FALSE,FALSE,FALSE,FALSE,FALSE,"No sampling",0,"eDNA"
49,"Z5",2025-12-24,"Waxing",TRUE,FALSE,FALSE,FALSE,FALSE,"No sampling",0,"eDNA"
50,"Z5",2025-12-31,"Full",FALSE,FALSE,FALSE,FALSE,FALSE,"No sampling",0,"eDNA"
1,"Other zones",2025-01-06,"Waxing",TRUE,FALSE,FALSE,FALSE,FALSE,"No sampling",0,"eDNA"
2,"Other zones",2025-01-11,"Full",FALSE,FALSE,FALSE,FALSE,FALSE,"No sampling",0,"eDNA"
3,"Other zones",2025-01-18,"Waning",TRUE,FALSE,FALSE,FALSE,FALSE,"No sampling",0,"eDNA"
4,"Other zones",2025-01-25,"New",FALSE,FALSE,FALSE,FALSE,FALSE,"No sampling",0,"eDNA"
5,"Other zones",2025-02-02,"Waxing",TRUE,TRUE,FALSE,FALSE,FALSE,"No sampling",0,"eDNA"
6,"Other zones",2025-02-09,"Full",FALSE,FALSE,FALSE,FALSE,FALSE,"No sampling",0,"eDNA"
7,"Other zones",2025-02-17,"Waning",TRUE,FALSE,FALSE,FALSE,FALSE,"No sampling",0,"eDNA"
8,"Other zones",2025-02-24,"New",FALSE,FALSE,FALSE,FALSE,FALSE,"No sampling",0,"eDNA"
9,"Other zones",2025-03-03,"Waxing",TRUE,FALSE,FALSE,FALSE,FALSE,"No sampling",0,"eDNA"
10,"Other zones",2025-03-11,"Full",FALSE,FALSE,FALSE,FALSE,FALSE,"No sampling",0,"eDNA"
11,"Other zones",2025-03-18,"Waning",TRUE,FALSE,FALSE,FALSE,FALSE,"No sampling",0,"eDNA"
12,"Other zones",2025-03-25,"New",FALSE,FALSE,FALSE,FALSE,FALSE,"No sampling",0,"eDNA"
13,"Other zones",2025-04-02,"Waxing",TRUE,FALSE,FALSE,FALSE,FALSE,"No sampling",0,"eDNA"
14,"Other zones",2025-04-09,"Full",FALSE,FALSE,FALSE,FALSE,FALSE,"No sampling",0,"eDNA"
15,"Other zones",2025-04-17,"Waning",TRUE,FALSE,FALSE,FALSE,FALSE,"No sampling",0,"eDNA"
16,"Other zones",2025-04-24,"New",FALSE,FALSE,FALSE,FALSE,FALSE,"No sampling",0,"eDNA"
17,"Other zones",2025-05-01,"Waxing",TRUE,TRUE,FALSE,TRUE,FALSE,"No sampling",0,"eDNA"
18,"Other zones",2025-05-09,"Full",FALSE,FALSE,TRUE,FALSE,TRUE,"eDNA",3,"eDNA"
19,"Other zones",2025-05-16,"Waning",TRUE,FALSE,FALSE,FALSE,FALSE,"No sampling",0,"eDNA"
20,"Other zones",2025-05-24,"New",FALSE,FALSE,FALSE,FALSE,FALSE,"No sampling",0,"eDNA"
21,"Other zones",2025-05-31,"Waxing",TRUE,FALSE,FALSE,FALSE,FALSE,"No sampling",0,"eDNA"
22,"Other zones",2025-06-07,"Full",FALSE,FALSE,FALSE,FALSE,FALSE,"No sampling",0,"eDNA"
23,"Other zones",2025-06-15,"Waning",TRUE,FALSE,FALSE,FALSE,FALSE,"No sampling",0,"eDNA"
24,"Other zones",2025-06-22,"New",FALSE,FALSE,FALSE,FALSE,FALSE,"No sampling",0,"eDNA"
25,"Other zones",2025-06-29,"Waxing",TRUE,FALSE,FALSE,FALSE,FALSE,"No sampling",0,"eDNA"
26,"Other zones",2025-07-07,"Full",FALSE,FALSE,FALSE,FALSE,FALSE,"No sampling",0,"eDNA"
27,"Other zones",2025-07-14,"Waning",TRUE,FALSE,FALSE,FALSE,FALSE,"No sampling",0,"eDNA"
28,"Other zones",2025-07-22,"New",FALSE,FALSE,FALSE,FALSE,FALSE,"No sampling",0,"eDNA"
29,"Other zones",2025-07-29,"Waxing",TRUE,TRUE,FALSE,FALSE,FALSE,"No sampling",0,"eDNA"
30,"Other zones",2025-08-05,"Full",FALSE,FALSE,FALSE,FALSE,FALSE,"No sampling",0,"eDNA"
31,"Other zones",2025-08-13,"Waning",TRUE,FALSE,FALSE,FALSE,FALSE,"No sampling",0,"eDNA"
32,"Other zones",2025-08-20,"New",FALSE,FALSE,FALSE,FALSE,FALSE,"No sampling",0,"eDNA"
33,"Other zones",2025-08-27,"Waxing",TRUE,FALSE,FALSE,FALSE,FALSE,"No sampling",0,"eDNA"
34,"Other zones",2025-09-04,"Full",FALSE,FALSE,FALSE,FALSE,FALSE,"No sampling",0,"eDNA"
35,"Other zones",2025-09-11,"Waning",TRUE,FALSE,FALSE,FALSE,FALSE,"No sampling",0,"eDNA"
36,"Other zones",2025-09-19,"New",FALSE,FALSE,FALSE,FALSE,FALSE,"No sampling",0,"eDNA"
37,"Other zones",2025-09-26,"Waxing",TRUE,FALSE,FALSE,FALSE,FALSE,"No sampling",0,"eDNA"
38,"Other zones",2025-10-03,"Full",FALSE,FALSE,FALSE,FALSE,FALSE,"No sampling",0,"eDNA"
39,"Other zones",2025-10-11,"Waning",TRUE,FALSE,FALSE,FALSE,FALSE,"No sampling",0,"eDNA"
40,"Other zones",2025-10-18,"New",FALSE,FALSE,FALSE,FALSE,FALSE,"No sampling",0,"eDNA"
41,"Other zones",2025-10-26,"Waxing",TRUE,TRUE,FALSE,TRUE,FALSE,"No sampling",0,"eDNA"
42,"Other zones",2025-11-02,"Full",FALSE,FALSE,FALSE,FALSE,FALSE,"No sampling",0,"eDNA"
43,"Other zones",2025-11-09,"Waning",TRUE,FALSE,FALSE,FALSE,FALSE,"No sampling",0,"eDNA"
44,"Other zones",2025-11-17,"New",FALSE,FALSE,FALSE,FALSE,FALSE,"No sampling",0,"eDNA"
45,"Other zones",2025-11-24,"Waxing",TRUE,FALSE,FALSE,FALSE,FALSE,"No sampling",0,"eDNA"
46,"Other zones",2025-12-01,"Full",FALSE,FALSE,FALSE,FALSE,FALSE,"No sampling",0,"eDNA"
47,"Other zones",2025-12-09,"Waning",TRUE,FALSE,FALSE,FALSE,FALSE,"No sampling",0,"eDNA"
48,"Other zones",2025-12-16,"New",FALSE,FALSE,FALSE,FALSE,FALSE,"No sampling",0,"eDNA"
49,"Other zones",2025-12-24,"Waxing",TRUE,FALSE,FALSE,FALSE,FALSE,"No sampling",0,"eDNA"
50,"Other zones",2025-12-31,"Full",FALSE,FALSE,FALSE,FALSE,FALSE,"No sampling",0,"eDNA"
1,"Z1",2025-01-06,"Waxing",TRUE,FALSE,FALSE,FALSE,FALSE,"No sampling",0,"Sediment"
2,"Z1",2025-01-11,"Full",FALSE,FALSE,FALSE,FALSE,FALSE,"No sampling",0,"Sediment"
3,"Z1",2025-01-18,"Waning",TRUE,FALSE,FALSE,FALSE,FALSE,"No sampling",0,"Sediment"
4,"Z1",2025-01-25,"New",FALSE,FALSE,FALSE,FALSE,FALSE,"No sampling",0,"Sediment"
5,"Z1",2025-02-02,"Waxing",TRUE,TRUE,FALSE,FALSE,FALSE,"No sampling",0,"Sediment"
6,"Z1",2025-02-09,"Full",FALSE,FALSE,FALSE,FALSE,FALSE,"No sampling",0,"Sediment"
7,"Z1",2025-02-17,"Waning",TRUE,FALSE,FALSE,FALSE,FALSE,"No sampling",0,"Sediment"
8,"Z1",2025-02-24,"New",FALSE,FALSE,FALSE,FALSE,FALSE,"No sampling",0,"Sediment"
9,"Z1",2025-03-03,"Waxing",TRUE,FALSE,FALSE,FALSE,FALSE,"No sampling",0,"Sediment"
10,"Z1",2025-03-11,"Full",FALSE,FALSE,FALSE,FALSE,FALSE,"No sampling",0,"Sediment"
11,"Z1",2025-03-18,"Waning",TRUE,FALSE,FALSE,FALSE,FALSE,"No sampling",0,"Sediment"
12,"Z1",2025-03-25,"New",FALSE,FALSE,FALSE,FALSE,FALSE,"No sampling",0,"Sediment"
13,"Z1",2025-04-02,"Waxing",TRUE,FALSE,FALSE,FALSE,FALSE,"No sampling",0,"Sediment"
14,"Z1",2025-04-09,"Full",FALSE,FALSE,FALSE,FALSE,FALSE,"No sampling",0,"Sediment"
15,"Z1",2025-04-17,"Waning",TRUE,FALSE,FALSE,FALSE,FALSE,"No sampling",0,"Sediment"
16,"Z1",2025-04-24,"New",FALSE,FALSE,FALSE,FALSE,FALSE,"No sampling",0,"Sediment"
17,"Z1",2025-05-01,"Waxing",TRUE,TRUE,FALSE,TRUE,FALSE,"Sediment",3,"Sediment"
18,"Z1",2025-05-09,"Full",FALSE,FALSE,TRUE,FALSE,TRUE,"No sampling",0,"Sediment"
19,"Z1",2025-05-16,"Waning",TRUE,FALSE,FALSE,FALSE,FALSE,"No sampling",0,"Sediment"
20,"Z1",2025-05-24,"New",FALSE,FALSE,FALSE,FALSE,FALSE,"No sampling",0,"Sediment"
21,"Z1",2025-05-31,"Waxing",TRUE,FALSE,FALSE,FALSE,FALSE,"No sampling",0,"Sediment"
22,"Z1",2025-06-07,"Full",FALSE,FALSE,FALSE,FALSE,FALSE,"No sampling",0,"Sediment"
23,"Z1",2025-06-15,"Waning",TRUE,FALSE,FALSE,FALSE,FALSE,"No sampling",0,"Sediment"
24,"Z1",2025-06-22,"New",FALSE,FALSE,FALSE,FALSE,FALSE,"No sampling",0,"Sediment"
25,"Z1",2025-06-29,"Waxing",TRUE,FALSE,FALSE,FALSE,FALSE,"No sampling",0,"Sediment"
26,"Z1",2025-07-07,"Full",FALSE,FALSE,FALSE,FALSE,FALSE,"No sampling",0,"Sediment"
27,"Z1",2025-07-14,"Waning",TRUE,FALSE,FALSE,FALSE,FALSE,"No sampling",0,"Sediment"
28,"Z1",2025-07-22,"New",FALSE,FALSE,FALSE,FALSE,FALSE,"No sampling",0,"Sediment"
29,"Z1",2025-07-29,"Waxing",TRUE,TRUE,FALSE,FALSE,FALSE,"No sampling",0,"Sediment"
30,"Z1",2025-08-05,"Full",FALSE,FALSE,FALSE,FALSE,FALSE,"No sampling",0,"Sediment"
31,"Z1",2025-08-13,"Waning",TRUE,FALSE,FALSE,FALSE,FALSE,"No sampling",0,"Sediment"
32,"Z1",2025-08-20,"New",FALSE,FALSE,FALSE,FALSE,FALSE,"No sampling",0,"Sediment"
33,"Z1",2025-08-27,"Waxing",TRUE,FALSE,FALSE,FALSE,FALSE,"No sampling",0,"Sediment"
34,"Z1",2025-09-04,"Full",FALSE,FALSE,FALSE,FALSE,FALSE,"No sampling",0,"Sediment"
35,"Z1",2025-09-11,"Waning",TRUE,FALSE,FALSE,FALSE,FALSE,"No sampling",0,"Sediment"
36,"Z1",2025-09-19,"New",FALSE,FALSE,FALSE,FALSE,FALSE,"No sampling",0,"Sediment"
37,"Z1",2025-09-26,"Waxing",TRUE,FALSE,FALSE,FALSE,FALSE,"No sampling",0,"Sediment"
38,"Z1",2025-10-03,"Full",FALSE,FALSE,FALSE,FALSE,FALSE,"No sampling",0,"Sediment"
39,"Z1",2025-10-11,"Waning",TRUE,FALSE,FALSE,FALSE,FALSE,"No sampling",0,"Sediment"
40,"Z1",2025-10-18,"New",FALSE,FALSE,FALSE,FALSE,FALSE,"No sampling",0,"Sediment"
41,"Z1",2025-10-26,"Waxing",TRUE,TRUE,FALSE,TRUE,FALSE,"Sediment",3,"Sediment"
42,"Z1",2025-11-02,"Full",FALSE,FALSE,FALSE,FALSE,FALSE,"No sampling",0,"Sediment"
43,"Z1",2025-11-09,"Waning",TRUE,FALSE,FALSE,FALSE,FALSE,"No sampling",0,"Sediment"
44,"Z1",2025-11-17,"New",FALSE,FALSE,FALSE,FALSE,FALSE,"No sampling",0,"Sediment"
45,"Z1",2025-11-24,"Waxing",TRUE,FALSE,FALSE,FALSE,FALSE,"No sampling",0,"Sediment"
46,"Z1",2025-12-01,"Full",FALSE,FALSE,FALSE,FALSE,FALSE,"No sampling",0,"Sediment"
47,"Z1",2025-12-09,"Waning",TRUE,FALSE,FALSE,FALSE,FALSE,"No sampling",0,"Sediment"
48,"Z1",2025-12-16,"New",FALSE,FALSE,FALSE,FALSE,FALSE,"No sampling",0,"Sediment"
49,"Z1",2025-12-24,"Waxing",TRUE,FALSE,FALSE,FALSE,FALSE,"No sampling",0,"Sediment"
50,"Z1",2025-12-31,"Full",FALSE,FALSE,FALSE,FALSE,FALSE,"No sampling",0,"Sediment"
1,"Z2",2025-01-06,"Waxing",TRUE,FALSE,FALSE,FALSE,FALSE,"No sampling",0,"Sediment"
2,"Z2",2025-01-11,"Full",FALSE,FALSE,FALSE,FALSE,FALSE,"No sampling",0,"Sediment"
3,"Z2",2025-01-18,"Waning",TRUE,FALSE,FALSE,FALSE,FALSE,"No sampling",0,"Sediment"
4,"Z2",2025-01-25,"New",FALSE,FALSE,FALSE,FALSE,FALSE,"No sampling",0,"Sediment"
5,"Z2",2025-02-02,"Waxing",TRUE,TRUE,FALSE,FALSE,FALSE,"No sampling",0,"Sediment"
6,"Z2",2025-02-09,"Full",FALSE,FALSE,FALSE,FALSE,FALSE,"No sampling",0,"Sediment"
7,"Z2",2025-02-17,"Waning",TRUE,FALSE,FALSE,FALSE,FALSE,"No sampling",0,"Sediment"
8,"Z2",2025-02-24,"New",FALSE,FALSE,FALSE,FALSE,FALSE,"No sampling",0,"Sediment"
9,"Z2",2025-03-03,"Waxing",TRUE,FALSE,FALSE,FALSE,FALSE,"No sampling",0,"Sediment"
10,"Z2",2025-03-11,"Full",FALSE,FALSE,FALSE,FALSE,FALSE,"No sampling",0,"Sediment"
11,"Z2",2025-03-18,"Waning",TRUE,FALSE,FALSE,FALSE,FALSE,"No sampling",0,"Sediment"
12,"Z2",2025-03-25,"New",FALSE,FALSE,FALSE,FALSE,FALSE,"No sampling",0,"Sediment"
13,"Z2",2025-04-02,"Waxing",TRUE,FALSE,FALSE,FALSE,FALSE,"No sampling",0,"Sediment"
14,"Z2",2025-04-09,"Full",FALSE,FALSE,FALSE,FALSE,FALSE,"No sampling",0,"Sediment"
15,"Z2",2025-04-17,"Waning",TRUE,FALSE,FALSE,FALSE,FALSE,"No sampling",0,"Sediment"
16,"Z2",2025-04-24,"New",FALSE,FALSE,FALSE,FALSE,FALSE,"No sampling",0,"Sediment"
17,"Z2",2025-05-01,"Waxing",TRUE,TRUE,FALSE,TRUE,FALSE,"Sediment",3,"Sediment"
18,"Z2",2025-05-09,"Full",FALSE,FALSE,TRUE,FALSE,TRUE,"No sampling",0,"Sediment"
19,"Z2",2025-05-16,"Waning",TRUE,FALSE,FALSE,FALSE,FALSE,"No sampling",0,"Sediment"
20,"Z2",2025-05-24,"New",FALSE,FALSE,FALSE,FALSE,FALSE,"No sampling",0,"Sediment"
21,"Z2",2025-05-31,"Waxing",TRUE,FALSE,FALSE,FALSE,FALSE,"No sampling",0,"Sediment"
22,"Z2",2025-06-07,"Full",FALSE,FALSE,FALSE,FALSE,FALSE,"No sampling",0,"Sediment"
23,"Z2",2025-06-15,"Waning",TRUE,FALSE,FALSE,FALSE,FALSE,"No sampling",0,"Sediment"
24,"Z2",2025-06-22,"New",FALSE,FALSE,FALSE,FALSE,FALSE,"No sampling",0,"Sediment"
25,"Z2",2025-06-29,"Waxing",TRUE,FALSE,FALSE,FALSE,FALSE,"No sampling",0,"Sediment"
26,"Z2",2025-07-07,"Full",FALSE,FALSE,FALSE,FALSE,FALSE,"No sampling",0,"Sediment"
27,"Z2",2025-07-14,"Waning",TRUE,FALSE,FALSE,FALSE,FALSE,"No sampling",0,"Sediment"
28,"Z2",2025-07-22,"New",FALSE,FALSE,FALSE,FALSE,FALSE,"No sampling",0,"Sediment"
29,"Z2",2025-07-29,"Waxing",TRUE,TRUE,FALSE,FALSE,FALSE,"No sampling",0,"Sediment"
30,"Z2",2025-08-05,"Full",FALSE,FALSE,FALSE,FALSE,FALSE,"No sampling",0,"Sediment"
31,"Z2",2025-08-13,"Waning",TRUE,FALSE,FALSE,FALSE,FALSE,"No sampling",0,"Sediment"
32,"Z2",2025-08-20,"New",FALSE,FALSE,FALSE,FALSE,FALSE,"No sampling",0,"Sediment"
33,"Z2",2025-08-27,"Waxing",TRUE,FALSE,FALSE,FALSE,FALSE,"No sampling",0,"Sediment"
34,"Z2",2025-09-04,"Full",FALSE,FALSE,FALSE,FALSE,FALSE,"No sampling",0,"Sediment"
35,"Z2",2025-09-11,"Waning",TRUE,FALSE,FALSE,FALSE,FALSE,"No sampling",0,"Sediment"
36,"Z2",2025-09-19,"New",FALSE,FALSE,FALSE,FALSE,FALSE,"No sampling",0,"Sediment"
37,"Z2",2025-09-26,"Waxing",TRUE,FALSE,FALSE,FALSE,FALSE,"No sampling",0,"Sediment"
38,"Z2",2025-10-03,"Full",FALSE,FALSE,FALSE,FALSE,FALSE,"No sampling",0,"Sediment"
39,"Z2",2025-10-11,"Waning",TRUE,FALSE,FALSE,FALSE,FALSE,"No sampling",0,"Sediment"
40,"Z2",2025-10-18,"New",FALSE,FALSE,FALSE,FALSE,FALSE,"No sampling",0,"Sediment"
41,"Z2",2025-10-26,"Waxing",TRUE,TRUE,FALSE,TRUE,FALSE,"Sediment",3,"Sediment"
42,"Z2",2025-11-02,"Full",FALSE,FALSE,FALSE,FALSE,FALSE,"No sampling",0,"Sediment"
43,"Z2",2025-11-09,"Waning",TRUE,FALSE,FALSE,FALSE,FALSE,"No sampling",0,"Sediment"
44,"Z2",2025-11-17,"New",FALSE,FALSE,FALSE,FALSE,FALSE,"No sampling",0,"Sediment"
45,"Z2",2025-11-24,"Waxing",TRUE,FALSE,FALSE,FALSE,FALSE,"No sampling",0,"Sediment"
46,"Z2",2025-12-01,"Full",FALSE,FALSE,FALSE,FALSE,FALSE,"No sampling",0,"Sediment"
47,"Z2",2025-12-09,"Waning",TRUE,FALSE,FALSE,FALSE,FALSE,"No sampling",0,"Sediment"
48,"Z2",2025-12-16,"New",FALSE,FALSE,FALSE,FALSE,FALSE,"No sampling",0,"Sediment"
49,"Z2",2025-12-24,"Waxing",TRUE,FALSE,FALSE,FALSE,FALSE,"No sampling",0,"Sediment"
50,"Z2",2025-12-31,"Full",FALSE,FALSE,FALSE,FALSE,FALSE,"No sampling",0,"Sediment"
1,"Z3",2025-01-06,"Waxing",TRUE,FALSE,FALSE,FALSE,FALSE,"No sampling",0,"Sediment"
2,"Z3",2025-01-11,"Full",FALSE,FALSE,FALSE,FALSE,FALSE,"No sampling",0,"Sediment"
3,"Z3",2025-01-18,"Waning",TRUE,FALSE,FALSE,FALSE,FALSE,"No sampling",0,"Sediment"
4,"Z3",2025-01-25,"New",FALSE,FALSE,FALSE,FALSE,FALSE,"No sampling",0,"Sediment"
5,"Z3",2025-02-02,"Waxing",TRUE,TRUE,FALSE,FALSE,FALSE,"No sampling",0,"Sediment"
6,"Z3",2025-02-09,"Full",FALSE,FALSE,FALSE,FALSE,FALSE,"No sampling",0,"Sediment"
7,"Z3",2025-02-17,"Waning",TRUE,FALSE,FALSE,FALSE,FALSE,"No sampling",0,"Sediment"
8,"Z3",2025-02-24,"New",FALSE,FALSE,FALSE,FALSE,FALSE,"No sampling",0,"Sediment"
9,"Z3",2025-03-03,"Waxing",TRUE,FALSE,FALSE,FALSE,FALSE,"No sampling",0,"Sediment"
10,"Z3",2025-03-11,"Full",FALSE,FALSE,FALSE,FALSE,FALSE,"No sampling",0,"Sediment"
11,"Z3",2025-03-18,"Waning",TRUE,FALSE,FALSE,FALSE,FALSE,"No sampling",0,"Sediment"
12,"Z3",2025-03-25,"New",FALSE,FALSE,FALSE,FALSE,FALSE,"No sampling",0,"Sediment"
13,"Z3",2025-04-02,"Waxing",TRUE,FALSE,FALSE,FALSE,FALSE,"No sampling",0,"Sediment"
14,"Z3",2025-04-09,"Full",FALSE,FALSE,FALSE,FALSE,FALSE,"No sampling",0,"Sediment"
15,"Z3",2025-04-17,"Waning",TRUE,FALSE,FALSE,FALSE,FALSE,"No sampling",0,"Sediment"
16,"Z3",2025-04-24,"New",FALSE,FALSE,FALSE,FALSE,FALSE,"No sampling",0,"Sediment"
17,"Z3",2025-05-01,"Waxing",TRUE,TRUE,FALSE,TRUE,FALSE,"Sediment",3,"Sediment"
18,"Z3",2025-05-09,"Full",FALSE,FALSE,TRUE,FALSE,TRUE,"No sampling",0,"Sediment"
19,"Z3",2025-05-16,"Waning",TRUE,FALSE,FALSE,FALSE,FALSE,"No sampling",0,"Sediment"
20,"Z3",2025-05-24,"New",FALSE,FALSE,FALSE,FALSE,FALSE,"No sampling",0,"Sediment"
21,"Z3",2025-05-31,"Waxing",TRUE,FALSE,FALSE,FALSE,FALSE,"No sampling",0,"Sediment"
22,"Z3",2025-06-07,"Full",FALSE,FALSE,FALSE,FALSE,FALSE,"No sampling",0,"Sediment"
23,"Z3",2025-06-15,"Waning",TRUE,FALSE,FALSE,FALSE,FALSE,"No sampling",0,"Sediment"
24,"Z3",2025-06-22,"New",FALSE,FALSE,FALSE,FALSE,FALSE,"No sampling",0,"Sediment"
25,"Z3",2025-06-29,"Waxing",TRUE,FALSE,FALSE,FALSE,FALSE,"No sampling",0,"Sediment"
26,"Z3",2025-07-07,"Full",FALSE,FALSE,FALSE,FALSE,FALSE,"No sampling",0,"Sediment"
27,"Z3",2025-07-14,"Waning",TRUE,FALSE,FALSE,FALSE,FALSE,"No sampling",0,"Sediment"
28,"Z3",2025-07-22,"New",FALSE,FALSE,FALSE,FALSE,FALSE,"No sampling",0,"Sediment"
29,"Z3",2025-07-29,"Waxing",TRUE,TRUE,FALSE,FALSE,FALSE,"No sampling",0,"Sediment"
30,"Z3",2025-08-05,"Full",FALSE,FALSE,FALSE,FALSE,FALSE,"No sampling",0,"Sediment"
31,"Z3",2025-08-13,"Waning",TRUE,FALSE,FALSE,FALSE,FALSE,"No sampling",0,"Sediment"
32,"Z3",2025-08-20,"New",FALSE,FALSE,FALSE,FALSE,FALSE,"No sampling",0,"Sediment"
33,"Z3",2025-08-27,"Waxing",TRUE,FALSE,FALSE,FALSE,FALSE,"No sampling",0,"Sediment"
34,"Z3",2025-09-04,"Full",FALSE,FALSE,FALSE,FALSE,FALSE,"No sampling",0,"Sediment"
35,"Z3",2025-09-11,"Waning",TRUE,FALSE,FALSE,FALSE,FALSE,"No sampling",0,"Sediment"
36,"Z3",2025-09-19,"New",FALSE,FALSE,FALSE,FALSE,FALSE,"No sampling",0,"Sediment"
37,"Z3",2025-09-26,"Waxing",TRUE,FALSE,FALSE,FALSE,FALSE,"No sampling",0,"Sediment"
38,"Z3",2025-10-03,"Full",FALSE,FALSE,FALSE,FALSE,FALSE,"No sampling",0,"Sediment"
39,"Z3",2025-10-11,"Waning",TRUE,FALSE,FALSE,FALSE,FALSE,"No sampling",0,"Sediment"
40,"Z3",2025-10-18,"New",FALSE,FALSE,FALSE,FALSE,FALSE,"No sampling",0,"Sediment"
41,"Z3",2025-10-26,"Waxing",TRUE,TRUE,FALSE,TRUE,FALSE,"Sediment",3,"Sediment"
42,"Z3",2025-11-02,"Full",FALSE,FALSE,FALSE,FALSE,FALSE,"No sampling",0,"Sediment"
43,"Z3",2025-11-09,"Waning",TRUE,FALSE,FALSE,FALSE,FALSE,"No sampling",0,"Sediment"
44,"Z3",2025-11-17,"New",FALSE,FALSE,FALSE,FALSE,FALSE,"No sampling",0,"Sediment"
45,"Z3",2025-11-24,"Waxing",TRUE,FALSE,FALSE,FALSE,FALSE,"No sampling",0,"Sediment"
46,"Z3",2025-12-01,"Full",FALSE,FALSE,FALSE,FALSE,FALSE,"No sampling",0,"Sediment"
47,"Z3",2025-12-09,"Waning",TRUE,FALSE,FALSE,FALSE,FALSE,"No sampling",0,"Sediment"
48,"Z3",2025-12-16,"New",FALSE,FALSE,FALSE,FALSE,FALSE,"No sampling",0,"Sediment"
49,"Z3",2025-12-24,"Waxing",TRUE,FALSE,FALSE,FALSE,FALSE,"No sampling",0,"Sediment"
50,"Z3",2025-12-31,"Full",FALSE,FALSE,FALSE,FALSE,FALSE,"No sampling",0,"Sediment"
1,"Z5",2025-01-06,"Waxing",TRUE,FALSE,FALSE,FALSE,FALSE,"No sampling",0,"Sediment"
2,"Z5",2025-01-11,"Full",FALSE,FALSE,FALSE,FALSE,FALSE,"No sampling",0,"Sediment"
3,"Z5",2025-01-18,"Waning",TRUE,FALSE,FALSE,FALSE,FALSE,"No sampling",0,"Sediment"
4,"Z5",2025-01-25,"New",FALSE,FALSE,FALSE,FALSE,FALSE,"No sampling",0,"Sediment"
5,"Z5",2025-02-02,"Waxing",TRUE,TRUE,FALSE,FALSE,FALSE,"No sampling",0,"Sediment"
6,"Z5",2025-02-09,"Full",FALSE,FALSE,FALSE,FALSE,FALSE,"No sampling",0,"Sediment"
7,"Z5",2025-02-17,"Waning",TRUE,FALSE,FALSE,FALSE,FALSE,"No sampling",0,"Sediment"
8,"Z5",2025-02-24,"New",FALSE,FALSE,FALSE,FALSE,FALSE,"No sampling",0,"Sediment"
9,"Z5",2025-03-03,"Waxing",TRUE,FALSE,FALSE,FALSE,FALSE,"No sampling",0,"Sediment"
10,"Z5",2025-03-11,"Full",FALSE,FALSE,FALSE,FALSE,FALSE,"No sampling",0,"Sediment"
11,"Z5",2025-03-18,"Waning",TRUE,FALSE,FALSE,FALSE,FALSE,"No sampling",0,"Sediment"
12,"Z5",2025-03-25,"New",FALSE,FALSE,FALSE,FALSE,FALSE,"No sampling",0,"Sediment"
13,"Z5",2025-04-02,"Waxing",TRUE,FALSE,FALSE,FALSE,FALSE,"No sampling",0,"Sediment"
14,"Z5",2025-04-09,"Full",FALSE,FALSE,FALSE,FALSE,FALSE,"No sampling",0,"Sediment"
15,"Z5",2025-04-17,"Waning",TRUE,FALSE,FALSE,FALSE,FALSE,"No sampling",0,"Sediment"
16,"Z5",2025-04-24,"New",FALSE,FALSE,FALSE,FALSE,FALSE,"No sampling",0,"Sediment"
17,"Z5",2025-05-01,"Waxing",TRUE,TRUE,FALSE,TRUE,FALSE,"Sediment",3,"Sediment"
18,"Z5",2025-05-09,"Full",FALSE,FALSE,TRUE,FALSE,TRUE,"No sampling",0,"Sediment"
19,"Z5",2025-05-16,"Waning",TRUE,FALSE,FALSE,FALSE,FALSE,"No sampling",0,"Sediment"
20,"Z5",2025-05-24,"New",FALSE,FALSE,FALSE,FALSE,FALSE,"No sampling",0,"Sediment"
21,"Z5",2025-05-31,"Waxing",TRUE,FALSE,FALSE,FALSE,FALSE,"No sampling",0,"Sediment"
22,"Z5",2025-06-07,"Full",FALSE,FALSE,FALSE,FALSE,FALSE,"No sampling",0,"Sediment"
23,"Z5",2025-06-15,"Waning",TRUE,FALSE,FALSE,FALSE,FALSE,"No sampling",0,"Sediment"
24,"Z5",2025-06-22,"New",FALSE,FALSE,FALSE,FALSE,FALSE,"No sampling",0,"Sediment"
25,"Z5",2025-06-29,"Waxing",TRUE,FALSE,FALSE,FALSE,FALSE,"No sampling",0,"Sediment"
26,"Z5",2025-07-07,"Full",FALSE,FALSE,FALSE,FALSE,FALSE,"No sampling",0,"Sediment"
27,"Z5",2025-07-14,"Waning",TRUE,FALSE,FALSE,FALSE,FALSE,"No sampling",0,"Sediment"
28,"Z5",2025-07-22,"New",FALSE,FALSE,FALSE,FALSE,FALSE,"No sampling",0,"Sediment"
29,"Z5",2025-07-29,"Waxing",TRUE,TRUE,FALSE,FALSE,FALSE,"No sampling",0,"Sediment"
30,"Z5",2025-08-05,"Full",FALSE,FALSE,FALSE,FALSE,FALSE,"No sampling",0,"Sediment"
31,"Z5",2025-08-13,"Waning",TRUE,FALSE,FALSE,FALSE,FALSE,"No sampling",0,"Sediment"
32,"Z5",2025-08-20,"New",FALSE,FALSE,FALSE,FALSE,FALSE,"No sampling",0,"Sediment"
33,"Z5",2025-08-27,"Waxing",TRUE,FALSE,FALSE,FALSE,FALSE,"No sampling",0,"Sediment"
34,"Z5",2025-09-04,"Full",FALSE,FALSE,FALSE,FALSE,FALSE,"No sampling",0,"Sediment"
35,"Z5",2025-09-11,"Waning",TRUE,FALSE,FALSE,FALSE,FALSE,"No sampling",0,"Sediment"
36,"Z5",2025-09-19,"New",FALSE,FALSE,FALSE,FALSE,FALSE,"No sampling",0,"Sediment"
37,"Z5",2025-09-26,"Waxing",TRUE,FALSE,FALSE,FALSE,FALSE,"No sampling",0,"Sediment"
38,"Z5",2025-10-03,"Full",FALSE,FALSE,FALSE,FALSE,FALSE,"No sampling",0,"Sediment"
39,"Z5",2025-10-11,"Waning",TRUE,FALSE,FALSE,FALSE,FALSE,"No sampling",0,"Sediment"
40,"Z5",2025-10-18,"New",FALSE,FALSE,FALSE,FALSE,FALSE,"No sampling",0,"Sediment"
41,"Z5",2025-10-26,"Waxing",TRUE,TRUE,FALSE,TRUE,FALSE,"Sediment",3,"Sediment"
42,"Z5",2025-11-02,"Full",FALSE,FALSE,FALSE,FALSE,FALSE,"No sampling",0,"Sediment"
43,"Z5",2025-11-09,"Waning",TRUE,FALSE,FALSE,FALSE,FALSE,"No sampling",0,"Sediment"
44,"Z5",2025-11-17,"New",FALSE,FALSE,FALSE,FALSE,FALSE,"No sampling",0,"Sediment"
45,"Z5",2025-11-24,"Waxing",TRUE,FALSE,FALSE,FALSE,FALSE,"No sampling",0,"Sediment"
46,"Z5",2025-12-01,"Full",FALSE,FALSE,FALSE,FALSE,FALSE,"No sampling",0,"Sediment"
47,"Z5",2025-12-09,"Waning",TRUE,FALSE,FALSE,FALSE,FALSE,"No sampling",0,"Sediment"
48,"Z5",2025-12-16,"New",FALSE,FALSE,FALSE,FALSE,FALSE,"No sampling",0,"Sediment"
49,"Z5",2025-12-24,"Waxing",TRUE,FALSE,FALSE,FALSE,FALSE,"No sampling",0,"Sediment"
50,"Z5",2025-12-31,"Full",FALSE,FALSE,FALSE,FALSE,FALSE,"No sampling",0,"Sediment"
1,"Other zones",2025-01-06,"Waxing",TRUE,FALSE,FALSE,FALSE,FALSE,"No sampling",0,"Sediment"
2,"Other zones",2025-01-11,"Full",FALSE,FALSE,FALSE,FALSE,FALSE,"No sampling",0,"Sediment"
3,"Other zones",2025-01-18,"Waning",TRUE,FALSE,FALSE,FALSE,FALSE,"No sampling",0,"Sediment"
4,"Other zones",2025-01-25,"New",FALSE,FALSE,FALSE,FALSE,FALSE,"No sampling",0,"Sediment"
5,"Other zones",2025-02-02,"Waxing",TRUE,TRUE,FALSE,FALSE,FALSE,"No sampling",0,"Sediment"
6,"Other zones",2025-02-09,"Full",FALSE,FALSE,FALSE,FALSE,FALSE,"No sampling",0,"Sediment"
7,"Other zones",2025-02-17,"Waning",TRUE,FALSE,FALSE,FALSE,FALSE,"No sampling",0,"Sediment"
8,"Other zones",2025-02-24,"New",FALSE,FALSE,FALSE,FALSE,FALSE,"No sampling",0,"Sediment"
9,"Other zones",2025-03-03,"Waxing",TRUE,FALSE,FALSE,FALSE,FALSE,"No sampling",0,"Sediment"
10,"Other zones",2025-03-11,"Full",FALSE,FALSE,FALSE,FALSE,FALSE,"No sampling",0,"Sediment"
11,"Other zones",2025-03-18,"Waning",TRUE,FALSE,FALSE,FALSE,FALSE,"No sampling",0,"Sediment"
12,"Other zones",2025-03-25,"New",FALSE,FALSE,FALSE,FALSE,FALSE,"No sampling",0,"Sediment"
13,"Other zones",2025-04-02,"Waxing",TRUE,FALSE,FALSE,FALSE,FALSE,"No sampling",0,"Sediment"
14,"Other zones",2025-04-09,"Full",FALSE,FALSE,FALSE,FALSE,FALSE,"No sampling",0,"Sediment"
15,"Other zones",2025-04-17,"Waning",TRUE,FALSE,FALSE,FALSE,FALSE,"No sampling",0,"Sediment"
16,"Other zones",2025-04-24,"New",FALSE,FALSE,FALSE,FALSE,FALSE,"No sampling",0,"Sediment"
17,"Other zones",2025-05-01,"Waxing",TRUE,TRUE,FALSE,TRUE,FALSE,"No sampling",0,"Sediment"
18,"Other zones",2025-05-09,"Full",FALSE,FALSE,TRUE,FALSE,TRUE,"Sediment",1,"Sediment"
19,"Other zones",2025-05-16,"Waning",TRUE,FALSE,FALSE,FALSE,FALSE,"No sampling",0,"Sediment"
20,"Other zones",2025-05-24,"New",FALSE,FALSE,FALSE,FALSE,FALSE,"No sampling",0,"Sediment"
21,"Other zones",2025-05-31,"Waxing",TRUE,FALSE,FALSE,FALSE,FALSE,"No sampling",0,"Sediment"
22,"Other zones",2025-06-07,"Full",FALSE,FALSE,FALSE,FALSE,FALSE,"No sampling",0,"Sediment"
23,"Other zones",2025-06-15,"Waning",TRUE,FALSE,FALSE,FALSE,FALSE,"No sampling",0,"Sediment"
24,"Other zones",2025-06-22,"New",FALSE,FALSE,FALSE,FALSE,FALSE,"No sampling",0,"Sediment"
25,"Other zones",2025-06-29,"Waxing",TRUE,FALSE,FALSE,FALSE,FALSE,"No sampling",0,"Sediment"
26,"Other zones",2025-07-07,"Full",FALSE,FALSE,FALSE,FALSE,FALSE,"No sampling",0,"Sediment"
27,"Other zones",2025-07-14,"Waning",TRUE,FALSE,FALSE,FALSE,FALSE,"No sampling",0,"Sediment"
28,"Other zones",2025-07-22,"New",FALSE,FALSE,FALSE,FALSE,FALSE,"No sampling",0,"Sediment"
29,"Other zones",2025-07-29,"Waxing",TRUE,TRUE,FALSE,FALSE,FALSE,"No sampling",0,"Sediment"
30,"Other zones",2025-08-05,"Full",FALSE,FALSE,FALSE,FALSE,FALSE,"No sampling",0,"Sediment"
31,"Other zones",2025-08-13,"Waning",TRUE,FALSE,FALSE,FALSE,FALSE,"No sampling",0,"Sediment"
32,"Other zones",2025-08-20,"New",FALSE,FALSE,FALSE,FALSE,FALSE,"No sampling",0,"Sediment"
33,"Other zones",2025-08-27,"Waxing",TRUE,FALSE,FALSE,FALSE,FALSE,"No sampling",0,"Sediment"
34,"Other zones",2025-09-04,"Full",FALSE,FALSE,FALSE,FALSE,FALSE,"No sampling",0,"Sediment"
35,"Other zones",2025-09-11,"Waning",TRUE,FALSE,FALSE,FALSE,FALSE,"No sampling",0,"Sediment"
36,"Other zones",2025-09-19,"New",FALSE,FALSE,FALSE,FALSE,FALSE,"No sampling",0,"Sediment"
37,"Other zones",2025-09-26,"Waxing",TRUE,FALSE,FALSE,FALSE,FALSE,"No sampling",0,"Sediment"
38,"Other zones",2025-10-03,"Full",FALSE,FALSE,FALSE,FALSE,FALSE,"No sampling",0,"Sediment"
39,"Other zones",2025-10-11,"Waning",TRUE,FALSE,FALSE,FALSE,FALSE,"No sampling",0,"Sediment"
40,"Other zones",2025-10-18,"New",FALSE,FALSE,FALSE,FALSE,FALSE,"No sampling",0,"Sediment"
41,"Other zones",2025-10-26,"Waxing",TRUE,TRUE,FALSE,TRUE,FALSE,"No sampling",0,"Sediment"
42,"Other zones",2025-11-02,"Full",FALSE,FALSE,FALSE,FALSE,FALSE,"No sampling",0,"Sediment"
43,"Other zones",2025-11-09,"Waning",TRUE,FALSE,FALSE,FALSE,FALSE,"No sampling",0,"Sediment"
44,"Other zones",2025-11-17,"New",FALSE,FALSE,FALSE,FALSE,FALSE,"No sampling",0,"Sediment"
45,"Other zones",2025-11-24,"Waxing",TRUE,FALSE,FALSE,FALSE,FALSE,"No sampling",0,"Sediment"
46,"Other zones",2025-12-01,"Full",FALSE,FALSE,FALSE,FALSE,FALSE,"No sampling",0,"Sediment"
47,"Other zones",2025-12-09,"Waning",TRUE,FALSE,FALSE,FALSE,FALSE,"No sampling",0,"Sediment"
48,"Other zones",2025-12-16,"New",FALSE,FALSE,FALSE,FALSE,FALSE,"No sampling",0,"Sediment"
49,"Other zones",2025-12-24,"Waxing",TRUE,FALSE,FALSE,FALSE,FALSE,"No sampling",0,"Sediment"
50,"Other zones",2025-12-31,"Full",FALSE,FALSE,FALSE,FALSE,FALSE,"No sampling",0,"Sediment"
